tahun,nama_provinsi,nama_kabupaten/kota,nama_kecamatan,nama_kelurahan,jenis_kelamin,usia,jumlah
2020,DKI Jakarta,ADM. KEPULAUAN SERIBU,KEPULAUAN SERIBU UTARA,PULAU PANGGANG,Laki-Laki,>=60,235
2020,DKI Jakarta,ADM. KEPULAUAN SERIBU,KEPULAUAN SERIBU UTARA,PULAU KELAPA,Laki-Laki,>=60,246
2020,DKI Jakarta,ADM. KEPULAUAN SERIBU,KEPULAUAN SERIBU UTARA,PULAU HARAPAN,Laki-Laki,>=60,76
2020,DKI Jakarta,ADM. KEPULAUAN SERIBU,KEPULAUAN SERIBU SELATAN,PULAU UNTUNG JAWA,Laki-Laki,>=60,77
2020,DKI Jakarta,ADM. KEPULAUAN SERIBU,KEPULAUAN SERIBU SELATAN,PULAU TIDUNG,Laki-Laki,>=60,213
2020,DKI Jakarta,ADM. KEPULAUAN SERIBU,KEPULAUAN SERIBU SELATAN,PULAU PARI,Laki-Laki,>=60,115
2020,DKI Jakarta,JAKARTA PUSAT,GAMBIR,GAMBIR,Laki-Laki,>=60,195
2020,DKI Jakarta,JAKARTA PUSAT,GAMBIR,CIDENG,Laki-Laki,>=60,1344
2020,DKI Jakarta,JAKARTA PUSAT,GAMBIR,PETOJO UTARA,Laki-Laki,>=60,1416
2020,DKI Jakarta,JAKARTA PUSAT,GAMBIR,PETOJO SELATAN,Laki-Laki,>=60,1105
2020,DKI Jakarta,JAKARTA PUSAT,GAMBIR,KEBON KELAPA,Laki-Laki,>=60,858
2020,DKI Jakarta,JAKARTA PUSAT,GAMBIR,DURI PULO,Laki-Laki,>=60,1278
2020,DKI Jakarta,JAKARTA PUSAT,SAWAH BESAR,PASAR BARU,Laki-Laki,>=60,1326
2020,DKI Jakarta,JAKARTA PUSAT,SAWAH BESAR,KARANG ANYAR,Laki-Laki,>=60,1750
2020,DKI Jakarta,JAKARTA PUSAT,SAWAH BESAR,KARTINI,Laki-Laki,>=60,1721
2020,DKI Jakarta,JAKARTA PUSAT,SAWAH BESAR,GUNUNG SAHARI UTARA,Laki-Laki,>=60,1420
2020,DKI Jakarta,JAKARTA PUSAT,SAWAH BESAR,MANGGA DUA SELATAN,Laki-Laki,>=60,1795
2020,DKI Jakarta,JAKARTA PUSAT,KEMAYORAN,KEMAYORAN,Laki-Laki,>=60,1359
2020,DKI Jakarta,JAKARTA PUSAT,KEMAYORAN,KEBON KOSONG,Laki-Laki,>=60,1518
2020,DKI Jakarta,JAKARTA PUSAT,KEMAYORAN,HARAPAN MULIA,Laki-Laki,>=60,1236
2020,DKI Jakarta,JAKARTA PUSAT,KEMAYORAN,SERDANG,Laki-Laki,>=60,1484
2020,DKI Jakarta,JAKARTA PUSAT,KEMAYORAN,GUNUNG SAHARI SELATAN,Laki-Laki,>=60,1444
2020,DKI Jakarta,JAKARTA PUSAT,KEMAYORAN,CEMPAKA BARU,Laki-Laki,>=60,1789
2020,DKI Jakarta,JAKARTA PUSAT,KEMAYORAN,SUMUR BATU,Laki-Laki,>=60,1377
2020,DKI Jakarta,JAKARTA PUSAT,KEMAYORAN,UTAN PANJANG,Laki-Laki,>=60,1467
2020,DKI Jakarta,JAKARTA PUSAT,S E N E N,SENEN,Laki-Laki,>=60,465
2020,DKI Jakarta,JAKARTA PUSAT,S E N E N,KENARI,Laki-Laki,>=60,704
2020,DKI Jakarta,JAKARTA PUSAT,S E N E N,PASEBAN,Laki-Laki,>=60,1495
2020,DKI Jakarta,JAKARTA PUSAT,S E N E N,KRAMAT,Laki-Laki,>=60,1727
2020,DKI Jakarta,JAKARTA PUSAT,S E N E N,KWITANG,Laki-Laki,>=60,1055
2020,DKI Jakarta,JAKARTA PUSAT,S E N E N,BUNGUR,Laki-Laki,>=60,1186
2020,DKI Jakarta,JAKARTA PUSAT,CEMPAKA PUTIH,CEMPAKA PUTIH TIMUR,Laki-Laki,>=60,1631
2020,DKI Jakarta,JAKARTA PUSAT,CEMPAKA PUTIH,CEMPAKA PUTIH BARAT,Laki-Laki,>=60,2101
2020,DKI Jakarta,JAKARTA PUSAT,CEMPAKA PUTIH,RAWASARI,Laki-Laki,>=60,1409
2020,DKI Jakarta,JAKARTA PUSAT,MENTENG,MENTENG,Laki-Laki,>=60,1767
2020,DKI Jakarta,JAKARTA PUSAT,MENTENG,PEGANGSAAN,Laki-Laki,>=60,1539
2020,DKI Jakarta,JAKARTA PUSAT,MENTENG,CIKINI,Laki-Laki,>=60,593
2020,DKI Jakarta,JAKARTA PUSAT,MENTENG,GONDANGDIA,Laki-Laki,>=60,412
2020,DKI Jakarta,JAKARTA PUSAT,MENTENG,KEBON SIRIH,Laki-Laki,>=60,839
2020,DKI Jakarta,JAKARTA PUSAT,TANAH ABANG,GELORA,Laki-Laki,>=60,213
2020,DKI Jakarta,JAKARTA PUSAT,TANAH ABANG,BENDUNGAN HILIR,Laki-Laki,>=60,1384
2020,DKI Jakarta,JAKARTA PUSAT,TANAH ABANG,KARET TENGSIN,Laki-Laki,>=60,1049
2020,DKI Jakarta,JAKARTA PUSAT,TANAH ABANG,PETAMBURAN,Laki-Laki,>=60,1721
2020,DKI Jakarta,JAKARTA PUSAT,TANAH ABANG,KEBON MELATI,Laki-Laki,>=60,1759
2020,DKI Jakarta,JAKARTA PUSAT,TANAH ABANG,KEBON KACANG,Laki-Laki,>=60,1443
2020,DKI Jakarta,JAKARTA PUSAT,TANAH ABANG,KAMPUNG BALI,Laki-Laki,>=60,844
2020,DKI Jakarta,JAKARTA PUSAT,JOHAR BARU,JOHAR BARU,Laki-Laki,>=60,2229
2020,DKI Jakarta,JAKARTA PUSAT,JOHAR BARU,KAMPUNG RAWA,Laki-Laki,>=60,1137
2020,DKI Jakarta,JAKARTA PUSAT,JOHAR BARU,GALUR,Laki-Laki,>=60,943
2020,DKI Jakarta,JAKARTA PUSAT,JOHAR BARU,TANAH TINGGI,Laki-Laki,>=60,2165
2020,DKI Jakarta,JAKARTA UTARA,PENJARINGAN,PENJARINGAN,Laki-Laki,>=60,3622
2020,DKI Jakarta,JAKARTA UTARA,PENJARINGAN,KAMAL MUARA,Laki-Laki,>=60,610
2020,DKI Jakarta,JAKARTA UTARA,PENJARINGAN,KAPUK MUARA,Laki-Laki,>=60,1975
2020,DKI Jakarta,JAKARTA UTARA,PENJARINGAN,PEJAGALAN,Laki-Laki,>=60,4446
2020,DKI Jakarta,JAKARTA UTARA,PENJARINGAN,PLUIT,Laki-Laki,>=60,4081
2020,DKI Jakarta,JAKARTA UTARA,TANJUNG PRIOK,TANJUNG PRIOK,Laki-Laki,>=60,1367
2020,DKI Jakarta,JAKARTA UTARA,TANJUNG PRIOK,SUNTER JAYA,Laki-Laki,>=60,3484
2020,DKI Jakarta,JAKARTA UTARA,TANJUNG PRIOK,PAPANGGO,Laki-Laki,>=60,1634
2020,DKI Jakarta,JAKARTA UTARA,TANJUNG PRIOK,SUNGAI BAMBU,Laki-Laki,>=60,1299
2020,DKI Jakarta,JAKARTA UTARA,TANJUNG PRIOK,KEBON BAWANG,Laki-Laki,>=60,2197
2020,DKI Jakarta,JAKARTA UTARA,TANJUNG PRIOK,SUNTER AGUNG,Laki-Laki,>=60,4430
2020,DKI Jakarta,JAKARTA UTARA,TANJUNG PRIOK,WARAKAS,Laki-Laki,>=60,1678
2020,DKI Jakarta,JAKARTA UTARA,KOJA,KOJA,Laki-Laki,>=60,1172
2020,DKI Jakarta,JAKARTA UTARA,KOJA,TUGU UTARA,Laki-Laki,>=60,2893
2020,DKI Jakarta,JAKARTA UTARA,KOJA,LAGOA,Laki-Laki,>=60,2476
2020,DKI Jakarta,JAKARTA UTARA,KOJA,RAWA BADAK UTARA,Laki-Laki,>=60,1473
2020,DKI Jakarta,JAKARTA UTARA,KOJA,TUGU SELATAN,Laki-Laki,>=60,1435
2020,DKI Jakarta,JAKARTA UTARA,KOJA,RAWA BADAK SELATAN,Laki-Laki,>=60,1661
2020,DKI Jakarta,JAKARTA UTARA,CILINCING,CILINCING,Laki-Laki,>=60,1770
2020,DKI Jakarta,JAKARTA UTARA,CILINCING,SUKAPURA,Laki-Laki,>=60,1877
2020,DKI Jakarta,JAKARTA UTARA,CILINCING,MARUNDA,Laki-Laki,>=60,909
2020,DKI Jakarta,JAKARTA UTARA,CILINCING,KALIBARU,Laki-Laki,>=60,2358
2020,DKI Jakarta,JAKARTA UTARA,CILINCING,SEMPER TIMUR,Laki-Laki,>=60,1462
2020,DKI Jakarta,JAKARTA UTARA,CILINCING,ROROTAN,Laki-Laki,>=60,1437
2020,DKI Jakarta,JAKARTA UTARA,CILINCING,SEMPER BARAT,Laki-Laki,>=60,2798
2020,DKI Jakarta,JAKARTA UTARA,PADEMANGAN,PADEMANGAN TIMUR,Laki-Laki,>=60,2273
2020,DKI Jakarta,JAKARTA UTARA,PADEMANGAN,PADEMANGAN BARAT,Laki-Laki,>=60,3405
2020,DKI Jakarta,JAKARTA UTARA,PADEMANGAN,ANCOL,Laki-Laki,>=60,1155
2020,DKI Jakarta,JAKARTA UTARA,KELAPA GADING,KELAPA GADING TIMUR,Laki-Laki,>=60,3031
2020,DKI Jakarta,JAKARTA UTARA,KELAPA GADING,PEGANGSAAN DUA,Laki-Laki,>=60,3181
2020,DKI Jakarta,JAKARTA UTARA,KELAPA GADING,KELAPA GADING BARAT,Laki-Laki,>=60,2279
2020,DKI Jakarta,JAKARTA BARAT,CENGKARENG,CENGKARENG BARAT,Laki-Laki,>=60,3107
2020,DKI Jakarta,JAKARTA BARAT,CENGKARENG,DURI KOSAMBI,Laki-Laki,>=60,3314
2020,DKI Jakarta,JAKARTA BARAT,CENGKARENG,RAWA BUAYA,Laki-Laki,>=60,2760
2020,DKI Jakarta,JAKARTA BARAT,CENGKARENG,KEDAUNG KALI ANGKE,Laki-Laki,>=60,1284
2020,DKI Jakarta,JAKARTA BARAT,CENGKARENG,KAPUK,Laki-Laki,>=60,4934
2020,DKI Jakarta,JAKARTA BARAT,CENGKARENG,CENGKARENG TIMUR,Laki-Laki,>=60,3121
2020,DKI Jakarta,JAKARTA BARAT,GROGOL PETAMBURAN,GROGOL,Laki-Laki,>=60,1068
2020,DKI Jakarta,JAKARTA BARAT,GROGOL PETAMBURAN,TANJUNG DUREN UTARA,Laki-Laki,>=60,1241
2020,DKI Jakarta,JAKARTA BARAT,GROGOL PETAMBURAN,TOMANG,Laki-Laki,>=60,1796
2020,DKI Jakarta,JAKARTA BARAT,GROGOL PETAMBURAN,JELAMBAR,Laki-Laki,>=60,2038
2020,DKI Jakarta,JAKARTA BARAT,GROGOL PETAMBURAN,TANJUNG DUREN SELATAN,Laki-Laki,>=60,1414
2020,DKI Jakarta,JAKARTA BARAT,GROGOL PETAMBURAN,JELAMBAR BARU,Laki-Laki,>=60,2416
2020,DKI Jakarta,JAKARTA BARAT,GROGOL PETAMBURAN,WIJAYA KUSUMA,Laki-Laki,>=60,2133
2020,DKI Jakarta,JAKARTA BARAT,TAMAN SARI,TAMAN SARI,Laki-Laki,>=60,1108
2020,DKI Jakarta,JAKARTA BARAT,TAMAN SARI,KRUKUT,Laki-Laki,>=60,1097
2020,DKI Jakarta,JAKARTA BARAT,TAMAN SARI,MAPHAR,Laki-Laki,>=60,1206
2020,DKI Jakarta,JAKARTA BARAT,TAMAN SARI,TANGKI,Laki-Laki,>=60,889
2020,DKI Jakarta,JAKARTA BARAT,TAMAN SARI,MANGGA BESAR,Laki-Laki,>=60,665
2020,DKI Jakarta,JAKARTA BARAT,TAMAN SARI,KEAGUNGAN,Laki-Laki,>=60,993
2020,DKI Jakarta,JAKARTA BARAT,TAMAN SARI,GLODOK,Laki-Laki,>=60,867
2020,DKI Jakarta,JAKARTA BARAT,TAMAN SARI,PINANGSIA,Laki-Laki,>=60,737
2020,DKI Jakarta,JAKARTA BARAT,TAMBORA,TAMBORA,Laki-Laki,>=60,669
2020,DKI Jakarta,JAKARTA BARAT,TAMBORA,KALI ANYAR,Laki-Laki,>=60,995
2020,DKI Jakarta,JAKARTA BARAT,TAMBORA,DURI UTARA,Laki-Laki,>=60,1084
2020,DKI Jakarta,JAKARTA BARAT,TAMBORA,TANAH SEREAL,Laki-Laki,>=60,1646
2020,DKI Jakarta,JAKARTA BARAT,TAMBORA,KRENDANG,Laki-Laki,>=60,997
2020,DKI Jakarta,JAKARTA BARAT,TAMBORA,JEMBATAN BESI,Laki-Laki,>=60,1220
2020,DKI Jakarta,JAKARTA BARAT,TAMBORA,ANGKE,Laki-Laki,>=60,1627
2020,DKI Jakarta,JAKARTA BARAT,TAMBORA,JEMBATAN LIMA,Laki-Laki,>=60,1137
2020,DKI Jakarta,JAKARTA BARAT,TAMBORA,PEKOJAN,Laki-Laki,>=60,1552
2020,DKI Jakarta,JAKARTA BARAT,TAMBORA,ROA MALAKA,Laki-Laki,>=60,388
2020,DKI Jakarta,JAKARTA BARAT,TAMBORA,DURI SELATAN,Laki-Laki,>=60,864
2020,DKI Jakarta,JAKARTA BARAT,KEBON JERUK,KEBON JERUK,Laki-Laki,>=60,2496
2020,DKI Jakarta,JAKARTA BARAT,KEBON JERUK,SUKABUMI UTARA,Laki-Laki,>=60,1745
2020,DKI Jakarta,JAKARTA BARAT,KEBON JERUK,SUKABUMI SELATAN,Laki-Laki,>=60,1471
2020,DKI Jakarta,JAKARTA BARAT,KEBON JERUK,KELAPA DUA,Laki-Laki,>=60,1140
2020,DKI Jakarta,JAKARTA BARAT,KEBON JERUK,DURI KEPA,Laki-Laki,>=60,3753
2020,DKI Jakarta,JAKARTA BARAT,KEBON JERUK,KEDOYA UTARA,Laki-Laki,>=60,2761
2020,DKI Jakarta,JAKARTA BARAT,KEBON JERUK,KEDOYA SELATAN,Laki-Laki,>=60,1814
2020,DKI Jakarta,JAKARTA BARAT,KALI DERES,KALIDERES,Laki-Laki,>=60,2957
2020,DKI Jakarta,JAKARTA BARAT,KALI DERES,SEMANAN,Laki-Laki,>=60,2276
2020,DKI Jakarta,JAKARTA BARAT,KALI DERES,TEGAL ALUR,Laki-Laki,>=60,3043
2020,DKI Jakarta,JAKARTA BARAT,KALI DERES,KAMAL,Laki-Laki,>=60,1688
2020,DKI Jakarta,JAKARTA BARAT,KALI DERES,PEGADUNGAN,Laki-Laki,>=60,2946
2020,DKI Jakarta,JAKARTA BARAT,PAL MERAH,PALMERAH,Laki-Laki,>=60,3050
2020,DKI Jakarta,JAKARTA BARAT,PAL MERAH,SLIPI,Laki-Laki,>=60,877
2020,DKI Jakarta,JAKARTA BARAT,PAL MERAH,KOTA BAMBU UTARA,Laki-Laki,>=60,1181
2020,DKI Jakarta,JAKARTA BARAT,PAL MERAH,JATIPULO,Laki-Laki,>=60,1461
2020,DKI Jakarta,JAKARTA BARAT,PAL MERAH,KEMANGGISAN,Laki-Laki,>=60,1755
2020,DKI Jakarta,JAKARTA BARAT,PAL MERAH,KOTA BAMBU SELATAN,Laki-Laki,>=60,949
2020,DKI Jakarta,JAKARTA BARAT,KEMBANGAN,KEMBANGAN UTARA,Laki-Laki,>=60,2292
2020,DKI Jakarta,JAKARTA BARAT,KEMBANGAN,MERUYA UTARA,Laki-Laki,>=60,2379
2020,DKI Jakarta,JAKARTA BARAT,KEMBANGAN,MERUYA SELATAN,Laki-Laki,>=60,1505
2020,DKI Jakarta,JAKARTA BARAT,KEMBANGAN,SRENGSENG,Laki-Laki,>=60,2192
2020,DKI Jakarta,JAKARTA BARAT,KEMBANGAN,JOGLO,Laki-Laki,>=60,2088
2020,DKI Jakarta,JAKARTA BARAT,KEMBANGAN,KEMBANGAN SELATAN,Laki-Laki,>=60,1661
2020,DKI Jakarta,JAKARTA SELATAN,TEBET,TEBET TIMUR,Laki-Laki,>=60,1197
2020,DKI Jakarta,JAKARTA SELATAN,TEBET,TEBET BARAT,Laki-Laki,>=60,1362
2020,DKI Jakarta,JAKARTA SELATAN,TEBET,MENTENG DALAM,Laki-Laki,>=60,1766
2020,DKI Jakarta,JAKARTA SELATAN,TEBET,KEBON BARU,Laki-Laki,>=60,1806
2020,DKI Jakarta,JAKARTA SELATAN,TEBET,BUKIT DURI,Laki-Laki,>=60,1887
2020,DKI Jakarta,JAKARTA SELATAN,TEBET,MANGGARAI SELATAN,Laki-Laki,>=60,1216
2020,DKI Jakarta,JAKARTA SELATAN,TEBET,MANGGARAI,Laki-Laki,>=60,1548
2020,DKI Jakarta,JAKARTA SELATAN,SETIA BUDI,SETIA BUDI,Laki-Laki,>=60,197
2020,DKI Jakarta,JAKARTA SELATAN,SETIA BUDI,KARET SEMANGGI,Laki-Laki,>=60,181
2020,DKI Jakarta,JAKARTA SELATAN,SETIA BUDI,KARET KUNINGAN,Laki-Laki,>=60,829
2020,DKI Jakarta,JAKARTA SELATAN,SETIA BUDI,KARET,Laki-Laki,>=60,536
2020,DKI Jakarta,JAKARTA SELATAN,SETIA BUDI,MENTENG ATAS,Laki-Laki,>=60,1443
2020,DKI Jakarta,JAKARTA SELATAN,SETIA BUDI,PASAR MANGGIS,Laki-Laki,>=60,1362
2020,DKI Jakarta,JAKARTA SELATAN,SETIA BUDI,GUNTUR,Laki-Laki,>=60,335
2020,DKI Jakarta,JAKARTA SELATAN,SETIA BUDI,KUNINGAN TIMUR,Laki-Laki,>=60,321
2020,DKI Jakarta,JAKARTA SELATAN,MAMPANG PRAPATAN,MAMPANG PRAPATAN,Laki-Laki,>=60,796
2020,DKI Jakarta,JAKARTA SELATAN,MAMPANG PRAPATAN,BANGKA,Laki-Laki,>=60,1080
2020,DKI Jakarta,JAKARTA SELATAN,MAMPANG PRAPATAN,PELA MAMPANG,Laki-Laki,>=60,2223
2020,DKI Jakarta,JAKARTA SELATAN,MAMPANG PRAPATAN,TEGAL PARANG,Laki-Laki,>=60,1358
2020,DKI Jakarta,JAKARTA SELATAN,MAMPANG PRAPATAN,KUNINGAN BARAT,Laki-Laki,>=60,592
2020,DKI Jakarta,JAKARTA SELATAN,PASAR MINGGU,PASAR MINGGU,Laki-Laki,>=60,1380
2020,DKI Jakarta,JAKARTA SELATAN,PASAR MINGGU,JATI PADANG,Laki-Laki,>=60,1910
2020,DKI Jakarta,JAKARTA SELATAN,PASAR MINGGU,CILANDAK TIMUR,Laki-Laki,>=60,1012
2020,DKI Jakarta,JAKARTA SELATAN,PASAR MINGGU,RAGUNAN,Laki-Laki,>=60,1971
2020,DKI Jakarta,JAKARTA SELATAN,PASAR MINGGU,PEJATEN TIMUR,Laki-Laki,>=60,2587
2020,DKI Jakarta,JAKARTA SELATAN,PASAR MINGGU,PEJATEN BARAT,Laki-Laki,>=60,1851
2020,DKI Jakarta,JAKARTA SELATAN,PASAR MINGGU,KEBAGUSAN,Laki-Laki,>=60,1921
2020,DKI Jakarta,JAKARTA SELATAN,KEBAYORAN LAMA,KEBAYORAN LAMA UTARA,Laki-Laki,>=60,2118
2020,DKI Jakarta,JAKARTA SELATAN,KEBAYORAN LAMA,PONDOK PINANG,Laki-Laki,>=60,3350
2020,DKI Jakarta,JAKARTA SELATAN,KEBAYORAN LAMA,CIPULIR,Laki-Laki,>=60,1873
2020,DKI Jakarta,JAKARTA SELATAN,KEBAYORAN LAMA,GROGOL UTARA,Laki-Laki,>=60,2119
2020,DKI Jakarta,JAKARTA SELATAN,KEBAYORAN LAMA,GROGOL SELATAN,Laki-Laki,>=60,2216
2020,DKI Jakarta,JAKARTA SELATAN,KEBAYORAN LAMA,KEBAYORAN LAMA SELATAN,Laki-Laki,>=60,2148
2020,DKI Jakarta,JAKARTA SELATAN,CILANDAK,CILANDAK BARAT,Laki-Laki,>=60,2845
2020,DKI Jakarta,JAKARTA SELATAN,CILANDAK,LEBAK BULUS,Laki-Laki,>=60,2143
2020,DKI Jakarta,JAKARTA SELATAN,CILANDAK,PONDOK LABU,Laki-Laki,>=60,2271
2020,DKI Jakarta,JAKARTA SELATAN,CILANDAK,GANDARIA SELATAN,Laki-Laki,>=60,1189
2020,DKI Jakarta,JAKARTA SELATAN,CILANDAK,CIPETE SELATAN,Laki-Laki,>=60,1366
2020,DKI Jakarta,JAKARTA SELATAN,KEBAYORAN BARU,MELAWAI,Laki-Laki,>=60,225
2020,DKI Jakarta,JAKARTA SELATAN,KEBAYORAN BARU,GUNUNG,Laki-Laki,>=60,642
2020,DKI Jakarta,JAKARTA SELATAN,KEBAYORAN BARU,KRAMAT PELA,Laki-Laki,>=60,861
2020,DKI Jakarta,JAKARTA SELATAN,KEBAYORAN BARU,SELONG,Laki-Laki,>=60,249
2020,DKI Jakarta,JAKARTA SELATAN,KEBAYORAN BARU,RAWA BARAT,Laki-Laki,>=60,427
2020,DKI Jakarta,JAKARTA SELATAN,KEBAYORAN BARU,SENAYAN,Laki-Laki,>=60,214
2020,DKI Jakarta,JAKARTA SELATAN,KEBAYORAN BARU,PULO,Laki-Laki,>=60,460
2020,DKI Jakarta,JAKARTA SELATAN,KEBAYORAN BARU,PETOGOGAN,Laki-Laki,>=60,705
2020,DKI Jakarta,JAKARTA SELATAN,KEBAYORAN BARU,GANDARIA UTARA,Laki-Laki,>=60,2181
2020,DKI Jakarta,JAKARTA SELATAN,KEBAYORAN BARU,CIPETE UTARA,Laki-Laki,>=60,1638
2020,DKI Jakarta,JAKARTA SELATAN,PANCORAN,PANCORAN,Laki-Laki,>=60,963
2020,DKI Jakarta,JAKARTA SELATAN,PANCORAN,KALIBATA,Laki-Laki,>=60,1945
2020,DKI Jakarta,JAKARTA SELATAN,PANCORAN,RAWAJATI,Laki-Laki,>=60,988
2020,DKI Jakarta,JAKARTA SELATAN,PANCORAN,DUREN TIGA,Laki-Laki,>=60,1410
2020,DKI Jakarta,JAKARTA SELATAN,PANCORAN,PENGADEGAN,Laki-Laki,>=60,1081
2020,DKI Jakarta,JAKARTA SELATAN,PANCORAN,CIKOKO,Laki-Laki,>=60,543
2020,DKI Jakarta,JAKARTA SELATAN,JAGAKARSA,JAGAKARSA,Laki-Laki,>=60,2784
2020,DKI Jakarta,JAKARTA SELATAN,JAGAKARSA,SRENGSENG SAWAH,Laki-Laki,>=60,2686
2020,DKI Jakarta,JAKARTA SELATAN,JAGAKARSA,CIGANJUR,Laki-Laki,>=60,1552
2020,DKI Jakarta,JAKARTA SELATAN,JAGAKARSA,LENTENG AGUNG,Laki-Laki,>=60,2488
2020,DKI Jakarta,JAKARTA SELATAN,JAGAKARSA,TANJUNG BARAT,Laki-Laki,>=60,1797
2020,DKI Jakarta,JAKARTA SELATAN,JAGAKARSA,CIPEDAK,Laki-Laki,>=60,1525
2020,DKI Jakarta,JAKARTA SELATAN,PESANGGRAHAN,PESANGGRAHAN,Laki-Laki,>=60,1290
2020,DKI Jakarta,JAKARTA SELATAN,PESANGGRAHAN,BINTARO,Laki-Laki,>=60,2634
2020,DKI Jakarta,JAKARTA SELATAN,PESANGGRAHAN,PETUKANGAN UTARA,Laki-Laki,>=60,2572
2020,DKI Jakarta,JAKARTA SELATAN,PESANGGRAHAN,PETUKANGAN SELATAN,Laki-Laki,>=60,1832
2020,DKI Jakarta,JAKARTA SELATAN,PESANGGRAHAN,ULUJAMI,Laki-Laki,>=60,1881
2020,DKI Jakarta,JAKARTA TIMUR,MATRAMAN,PISANGAN BARU,Laki-Laki,>=60,1666
2020,DKI Jakarta,JAKARTA TIMUR,MATRAMAN,UTAN KAYU UTARA,Laki-Laki,>=60,1450
2020,DKI Jakarta,JAKARTA TIMUR,MATRAMAN,KAYU MANIS,Laki-Laki,>=60,1349
2020,DKI Jakarta,JAKARTA TIMUR,MATRAMAN,PALMERIAM,Laki-Laki,>=60,1092
2020,DKI Jakarta,JAKARTA TIMUR,MATRAMAN,KEBON MANGGIS,Laki-Laki,>=60,958
2020,DKI Jakarta,JAKARTA TIMUR,MATRAMAN,UTAN KAYU SELATAN,Laki-Laki,>=60,1926
2020,DKI Jakarta,JAKARTA TIMUR,PULO GADUNG,PULO GADUNG,Laki-Laki,>=60,1728
2020,DKI Jakarta,JAKARTA TIMUR,PULO GADUNG,PISANGAN TIMUR,Laki-Laki,>=60,2090
2020,DKI Jakarta,JAKARTA TIMUR,PULO GADUNG,CIPINANG,Laki-Laki,>=60,1942
2020,DKI Jakarta,JAKARTA TIMUR,PULO GADUNG,JATINEGARA KAUM,Laki-Laki,>=60,1066
2020,DKI Jakarta,JAKARTA TIMUR,PULO GADUNG,RAWAMANGUN,Laki-Laki,>=60,2019
2020,DKI Jakarta,JAKARTA TIMUR,PULO GADUNG,KAYU PUTIH,Laki-Laki,>=60,2295
2020,DKI Jakarta,JAKARTA TIMUR,PULO GADUNG,JATI,Laki-Laki,>=60,2013
2020,DKI Jakarta,JAKARTA TIMUR,JATINEGARA,KAMPUNG MELAYU,Laki-Laki,>=60,1298
2020,DKI Jakarta,JAKARTA TIMUR,JATINEGARA,BIDARA CINA,Laki-Laki,>=60,1926
2020,DKI Jakarta,JAKARTA TIMUR,JATINEGARA,BALI MESTER,Laki-Laki,>=60,737
2020,DKI Jakarta,JAKARTA TIMUR,JATINEGARA,RAWA BUNGA,Laki-Laki,>=60,1164
2020,DKI Jakarta,JAKARTA TIMUR,JATINEGARA,CIPINANG CEMPEDAK,Laki-Laki,>=60,2041
2020,DKI Jakarta,JAKARTA TIMUR,JATINEGARA,CIPINANG MUARA,Laki-Laki,>=60,3176
2020,DKI Jakarta,JAKARTA TIMUR,JATINEGARA,CIPINANG BESAR SELATAN,Laki-Laki,>=60,1630
2020,DKI Jakarta,JAKARTA TIMUR,JATINEGARA,CIPINANG BESAR UTARA,Laki-Laki,>=60,2184
2020,DKI Jakarta,JAKARTA TIMUR,KRAMATJATI,KRAMATJATI,Laki-Laki,>=60,1636
2020,DKI Jakarta,JAKARTA TIMUR,KRAMATJATI,TENGAH,Laki-Laki,>=60,1932
2020,DKI Jakarta,JAKARTA TIMUR,KRAMATJATI,DUKUH,Laki-Laki,>=60,1119
2020,DKI Jakarta,JAKARTA TIMUR,KRAMATJATI,BATU AMPAR,Laki-Laki,>=60,2246
2020,DKI Jakarta,JAKARTA TIMUR,KRAMATJATI,BALEKAMBANG,Laki-Laki,>=60,1296
2020,DKI Jakarta,JAKARTA TIMUR,KRAMATJATI,CILILITAN,Laki-Laki,>=60,1986
2020,DKI Jakarta,JAKARTA TIMUR,KRAMATJATI,CAWANG,Laki-Laki,>=60,1656
2020,DKI Jakarta,JAKARTA TIMUR,PASAR REBO,GEDONG,Laki-Laki,>=60,1698
2020,DKI Jakarta,JAKARTA TIMUR,PASAR REBO,BARU,Laki-Laki,>=60,932
2020,DKI Jakarta,JAKARTA TIMUR,PASAR REBO,CIJANTUNG,Laki-Laki,>=60,2027
2020,DKI Jakarta,JAKARTA TIMUR,PASAR REBO,KALISARI,Laki-Laki,>=60,2103
2020,DKI Jakarta,JAKARTA TIMUR,PASAR REBO,PEKAYON,Laki-Laki,>=60,1960
2020,DKI Jakarta,JAKARTA TIMUR,CAKUNG,JATINEGARA,Laki-Laki,>=60,2921
2020,DKI Jakarta,JAKARTA TIMUR,CAKUNG,RAWA TERATE,Laki-Laki,>=60,982
2020,DKI Jakarta,JAKARTA TIMUR,CAKUNG,PENGGILINGAN,Laki-Laki,>=60,4055
2020,DKI Jakarta,JAKARTA TIMUR,CAKUNG,CAKUNG TIMUR,Laki-Laki,>=60,2463
2020,DKI Jakarta,JAKARTA TIMUR,CAKUNG,PULO GEBANG,Laki-Laki,>=60,4504
2020,DKI Jakarta,JAKARTA TIMUR,CAKUNG,UJUNG MENTENG,Laki-Laki,>=60,1330
2020,DKI Jakarta,JAKARTA TIMUR,CAKUNG,CAKUNG BARAT,Laki-Laki,>=60,1795
2020,DKI Jakarta,JAKARTA TIMUR,DUREN SAWIT,DUREN SAWIT,Laki-Laki,>=60,3314
2020,DKI Jakarta,JAKARTA TIMUR,DUREN SAWIT,PONDOK BAMBU,Laki-Laki,>=60,3297
2020,DKI Jakarta,JAKARTA TIMUR,DUREN SAWIT,KLENDER,Laki-Laki,>=60,3413
2020,DKI Jakarta,JAKARTA TIMUR,DUREN SAWIT,PONDOK KELAPA,Laki-Laki,>=60,4035
2020,DKI Jakarta,JAKARTA TIMUR,DUREN SAWIT,MALAKA SARI,Laki-Laki,>=60,1724
2020,DKI Jakarta,JAKARTA TIMUR,DUREN SAWIT,MALAKA JAYA,Laki-Laki,>=60,1711
2020,DKI Jakarta,JAKARTA TIMUR,DUREN SAWIT,PONDOK KOPI,Laki-Laki,>=60,1888
2020,DKI Jakarta,JAKARTA TIMUR,MAKASAR,MAKASAR,Laki-Laki,>=60,1812
2020,DKI Jakarta,JAKARTA TIMUR,MAKASAR,PINANGRANTI,Laki-Laki,>=60,1199
2020,DKI Jakarta,JAKARTA TIMUR,MAKASAR,KEBON PALA,Laki-Laki,>=60,2296
2020,DKI Jakarta,JAKARTA TIMUR,MAKASAR,HALIM PERDANA KUSUMAH,Laki-Laki,>=60,1015
2020,DKI Jakarta,JAKARTA TIMUR,MAKASAR,CIPINANG MELAYU,Laki-Laki,>=60,2355
2020,DKI Jakarta,JAKARTA TIMUR,CIRACAS,CIRACAS,Laki-Laki,>=60,2916
2020,DKI Jakarta,JAKARTA TIMUR,CIRACAS,CIBUBUR,Laki-Laki,>=60,3359
2020,DKI Jakarta,JAKARTA TIMUR,CIRACAS,KELAPA DUA WETAN,Laki-Laki,>=60,2399
2020,DKI Jakarta,JAKARTA TIMUR,CIRACAS,SUSUKAN,Laki-Laki,>=60,1775
2020,DKI Jakarta,JAKARTA TIMUR,CIRACAS,RAMBUTAN,Laki-Laki,>=60,1669
2020,DKI Jakarta,JAKARTA TIMUR,CIPAYUNG,CIPAYUNG,Laki-Laki,>=60,1254
2020,DKI Jakarta,JAKARTA TIMUR,CIPAYUNG,CILANGKAP,Laki-Laki,>=60,967
2020,DKI Jakarta,JAKARTA TIMUR,CIPAYUNG,PONDOK RANGGON,Laki-Laki,>=60,987
2020,DKI Jakarta,JAKARTA TIMUR,CIPAYUNG,MUNJUL,Laki-Laki,>=60,1065
2020,DKI Jakarta,JAKARTA TIMUR,CIPAYUNG,SETU,Laki-Laki,>=60,902
2020,DKI Jakarta,JAKARTA TIMUR,CIPAYUNG,BAMBU APUS,Laki-Laki,>=60,1250
2020,DKI Jakarta,JAKARTA TIMUR,CIPAYUNG,LUBANG BUAYA,Laki-Laki,>=60,2903
2020,DKI Jakarta,JAKARTA TIMUR,CIPAYUNG,CEGER,Laki-Laki,>=60,831
2020,DKI Jakarta,ADM. KEPULAUAN SERIBU,KEPULAUAN SERIBU UTARA,PULAU PANGGANG,Perempuan,>=60,225
2020,DKI Jakarta,ADM. KEPULAUAN SERIBU,KEPULAUAN SERIBU UTARA,PULAU KELAPA,Perempuan,>=60,210
2020,DKI Jakarta,ADM. KEPULAUAN SERIBU,KEPULAUAN SERIBU UTARA,PULAU HARAPAN,Perempuan,>=60,84
2020,DKI Jakarta,ADM. KEPULAUAN SERIBU,KEPULAUAN SERIBU SELATAN,PULAU UNTUNG JAWA,Perempuan,>=60,85
2020,DKI Jakarta,ADM. KEPULAUAN SERIBU,KEPULAUAN SERIBU SELATAN,PULAU TIDUNG,Perempuan,>=60,201
2020,DKI Jakarta,ADM. KEPULAUAN SERIBU,KEPULAUAN SERIBU SELATAN,PULAU PARI,Perempuan,>=60,100
2020,DKI Jakarta,JAKARTA PUSAT,GAMBIR,GAMBIR,Perempuan,>=60,220
2020,DKI Jakarta,JAKARTA PUSAT,GAMBIR,CIDENG,Perempuan,>=60,1692
2020,DKI Jakarta,JAKARTA PUSAT,GAMBIR,PETOJO UTARA,Perempuan,>=60,1633
2020,DKI Jakarta,JAKARTA PUSAT,GAMBIR,PETOJO SELATAN,Perempuan,>=60,1289
2020,DKI Jakarta,JAKARTA PUSAT,GAMBIR,KEBON KELAPA,Perempuan,>=60,1021
2020,DKI Jakarta,JAKARTA PUSAT,GAMBIR,DURI PULO,Perempuan,>=60,1458
2020,DKI Jakarta,JAKARTA PUSAT,SAWAH BESAR,PASAR BARU,Perempuan,>=60,1621
2020,DKI Jakarta,JAKARTA PUSAT,SAWAH BESAR,KARANG ANYAR,Perempuan,>=60,2085
2020,DKI Jakarta,JAKARTA PUSAT,SAWAH BESAR,KARTINI,Perempuan,>=60,2135
2020,DKI Jakarta,JAKARTA PUSAT,SAWAH BESAR,GUNUNG SAHARI UTARA,Perempuan,>=60,1752
2020,DKI Jakarta,JAKARTA PUSAT,SAWAH BESAR,MANGGA DUA SELATAN,Perempuan,>=60,1970
2020,DKI Jakarta,JAKARTA PUSAT,KEMAYORAN,KEMAYORAN,Perempuan,>=60,1575
2020,DKI Jakarta,JAKARTA PUSAT,KEMAYORAN,KEBON KOSONG,Perempuan,>=60,1676
2020,DKI Jakarta,JAKARTA PUSAT,KEMAYORAN,HARAPAN MULIA,Perempuan,>=60,1538
2020,DKI Jakarta,JAKARTA PUSAT,KEMAYORAN,SERDANG,Perempuan,>=60,1824
2020,DKI Jakarta,JAKARTA PUSAT,KEMAYORAN,GUNUNG SAHARI SELATAN,Perempuan,>=60,1614
2020,DKI Jakarta,JAKARTA PUSAT,KEMAYORAN,CEMPAKA BARU,Perempuan,>=60,2088
2020,DKI Jakarta,JAKARTA PUSAT,KEMAYORAN,SUMUR BATU,Perempuan,>=60,1666
2020,DKI Jakarta,JAKARTA PUSAT,KEMAYORAN,UTAN PANJANG,Perempuan,>=60,1666
2020,DKI Jakarta,JAKARTA PUSAT,S E N E N,SENEN,Perempuan,>=60,483
2020,DKI Jakarta,JAKARTA PUSAT,S E N E N,KENARI,Perempuan,>=60,782
2020,DKI Jakarta,JAKARTA PUSAT,S E N E N,PASEBAN,Perempuan,>=60,1680
2020,DKI Jakarta,JAKARTA PUSAT,S E N E N,KRAMAT,Perempuan,>=60,1957
2020,DKI Jakarta,JAKARTA PUSAT,S E N E N,KWITANG,Perempuan,>=60,1285
2020,DKI Jakarta,JAKARTA PUSAT,S E N E N,BUNGUR,Perempuan,>=60,1391
2020,DKI Jakarta,JAKARTA PUSAT,CEMPAKA PUTIH,CEMPAKA PUTIH TIMUR,Perempuan,>=60,1958
2020,DKI Jakarta,JAKARTA PUSAT,CEMPAKA PUTIH,CEMPAKA PUTIH BARAT,Perempuan,>=60,2447
2020,DKI Jakarta,JAKARTA PUSAT,CEMPAKA PUTIH,RAWASARI,Perempuan,>=60,1553
2020,DKI Jakarta,JAKARTA PUSAT,MENTENG,MENTENG,Perempuan,>=60,1926
2020,DKI Jakarta,JAKARTA PUSAT,MENTENG,PEGANGSAAN,Perempuan,>=60,1736
2020,DKI Jakarta,JAKARTA PUSAT,MENTENG,CIKINI,Perempuan,>=60,688
2020,DKI Jakarta,JAKARTA PUSAT,MENTENG,GONDANGDIA,Perempuan,>=60,564
2020,DKI Jakarta,JAKARTA PUSAT,MENTENG,KEBON SIRIH,Perempuan,>=60,985
2020,DKI Jakarta,JAKARTA PUSAT,TANAH ABANG,GELORA,Perempuan,>=60,237
2020,DKI Jakarta,JAKARTA PUSAT,TANAH ABANG,BENDUNGAN HILIR,Perempuan,>=60,1713
2020,DKI Jakarta,JAKARTA PUSAT,TANAH ABANG,KARET TENGSIN,Perempuan,>=60,1117
2020,DKI Jakarta,JAKARTA PUSAT,TANAH ABANG,PETAMBURAN,Perempuan,>=60,1786
2020,DKI Jakarta,JAKARTA PUSAT,TANAH ABANG,KEBON MELATI,Perempuan,>=60,1869
2020,DKI Jakarta,JAKARTA PUSAT,TANAH ABANG,KEBON KACANG,Perempuan,>=60,1738
2020,DKI Jakarta,JAKARTA PUSAT,TANAH ABANG,KAMPUNG BALI,Perempuan,>=60,939
2020,DKI Jakarta,JAKARTA PUSAT,JOHAR BARU,JOHAR BARU,Perempuan,>=60,2618
2020,DKI Jakarta,JAKARTA PUSAT,JOHAR BARU,KAMPUNG RAWA,Perempuan,>=60,1248
2020,DKI Jakarta,JAKARTA PUSAT,JOHAR BARU,GALUR,Perempuan,>=60,1034
2020,DKI Jakarta,JAKARTA PUSAT,JOHAR BARU,TANAH TINGGI,Perempuan,>=60,2402
2020,DKI Jakarta,JAKARTA UTARA,PENJARINGAN,PENJARINGAN,Perempuan,>=60,3564
2020,DKI Jakarta,JAKARTA UTARA,PENJARINGAN,KAMAL MUARA,Perempuan,>=60,658
2020,DKI Jakarta,JAKARTA UTARA,PENJARINGAN,KAPUK MUARA,Perempuan,>=60,2063
2020,DKI Jakarta,JAKARTA UTARA,PENJARINGAN,PEJAGALAN,Perempuan,>=60,5371
2020,DKI Jakarta,JAKARTA UTARA,PENJARINGAN,PLUIT,Perempuan,>=60,4762
2020,DKI Jakarta,JAKARTA UTARA,TANJUNG PRIOK,TANJUNG PRIOK,Perempuan,>=60,1530
2020,DKI Jakarta,JAKARTA UTARA,TANJUNG PRIOK,SUNTER JAYA,Perempuan,>=60,3772
2020,DKI Jakarta,JAKARTA UTARA,TANJUNG PRIOK,PAPANGGO,Perempuan,>=60,1815
2020,DKI Jakarta,JAKARTA UTARA,TANJUNG PRIOK,SUNGAI BAMBU,Perempuan,>=60,1503
2020,DKI Jakarta,JAKARTA UTARA,TANJUNG PRIOK,KEBON BAWANG,Perempuan,>=60,2617
2020,DKI Jakarta,JAKARTA UTARA,TANJUNG PRIOK,SUNTER AGUNG,Perempuan,>=60,5030
2020,DKI Jakarta,JAKARTA UTARA,TANJUNG PRIOK,WARAKAS,Perempuan,>=60,2012
2020,DKI Jakarta,JAKARTA UTARA,KOJA,KOJA,Perempuan,>=60,1199
2020,DKI Jakarta,JAKARTA UTARA,KOJA,TUGU UTARA,Perempuan,>=60,3391
2020,DKI Jakarta,JAKARTA UTARA,KOJA,LAGOA,Perempuan,>=60,2883
2020,DKI Jakarta,JAKARTA UTARA,KOJA,RAWA BADAK UTARA,Perempuan,>=60,1739
2020,DKI Jakarta,JAKARTA UTARA,KOJA,TUGU SELATAN,Perempuan,>=60,1373
2020,DKI Jakarta,JAKARTA UTARA,KOJA,RAWA BADAK SELATAN,Perempuan,>=60,1755
2020,DKI Jakarta,JAKARTA UTARA,CILINCING,CILINCING,Perempuan,>=60,1816
2020,DKI Jakarta,JAKARTA UTARA,CILINCING,SUKAPURA,Perempuan,>=60,1970
2020,DKI Jakarta,JAKARTA UTARA,CILINCING,MARUNDA,Perempuan,>=60,993
2020,DKI Jakarta,JAKARTA UTARA,CILINCING,KALIBARU,Perempuan,>=60,2686
2020,DKI Jakarta,JAKARTA UTARA,CILINCING,SEMPER TIMUR,Perempuan,>=60,1626
2020,DKI Jakarta,JAKARTA UTARA,CILINCING,ROROTAN,Perempuan,>=60,1421
2020,DKI Jakarta,JAKARTA UTARA,CILINCING,SEMPER BARAT,Perempuan,>=60,3182
2020,DKI Jakarta,JAKARTA UTARA,PADEMANGAN,PADEMANGAN TIMUR,Perempuan,>=60,2789
2020,DKI Jakarta,JAKARTA UTARA,PADEMANGAN,PADEMANGAN BARAT,Perempuan,>=60,3905
2020,DKI Jakarta,JAKARTA UTARA,PADEMANGAN,ANCOL,Perempuan,>=60,1094
2020,DKI Jakarta,JAKARTA UTARA,KELAPA GADING,KELAPA GADING TIMUR,Perempuan,>=60,3883
2020,DKI Jakarta,JAKARTA UTARA,KELAPA GADING,PEGANGSAAN DUA,Perempuan,>=60,3697
2020,DKI Jakarta,JAKARTA UTARA,KELAPA GADING,KELAPA GADING BARAT,Perempuan,>=60,2660
2020,DKI Jakarta,JAKARTA BARAT,CENGKARENG,CENGKARENG BARAT,Perempuan,>=60,3650
2020,DKI Jakarta,JAKARTA BARAT,CENGKARENG,DURI KOSAMBI,Perempuan,>=60,3499
2020,DKI Jakarta,JAKARTA BARAT,CENGKARENG,RAWA BUAYA,Perempuan,>=60,2800
2020,DKI Jakarta,JAKARTA BARAT,CENGKARENG,KEDAUNG KALI ANGKE,Perempuan,>=60,1250
2020,DKI Jakarta,JAKARTA BARAT,CENGKARENG,KAPUK,Perempuan,>=60,4775
2020,DKI Jakarta,JAKARTA BARAT,CENGKARENG,CENGKARENG TIMUR,Perempuan,>=60,3455
2020,DKI Jakarta,JAKARTA BARAT,GROGOL PETAMBURAN,GROGOL,Perempuan,>=60,1308
2020,DKI Jakarta,JAKARTA BARAT,GROGOL PETAMBURAN,TANJUNG DUREN UTARA,Perempuan,>=60,1754
2020,DKI Jakarta,JAKARTA BARAT,GROGOL PETAMBURAN,TOMANG,Perempuan,>=60,2237
2020,DKI Jakarta,JAKARTA BARAT,GROGOL PETAMBURAN,JELAMBAR,Perempuan,>=60,2585
2020,DKI Jakarta,JAKARTA BARAT,GROGOL PETAMBURAN,TANJUNG DUREN SELATAN,Perempuan,>=60,1915
2020,DKI Jakarta,JAKARTA BARAT,GROGOL PETAMBURAN,JELAMBAR BARU,Perempuan,>=60,3014
2020,DKI Jakarta,JAKARTA BARAT,GROGOL PETAMBURAN,WIJAYA KUSUMA,Perempuan,>=60,2345
2020,DKI Jakarta,JAKARTA BARAT,TAMAN SARI,TAMAN SARI,Perempuan,>=60,1398
2020,DKI Jakarta,JAKARTA BARAT,TAMAN SARI,KRUKUT,Perempuan,>=60,1404
2020,DKI Jakarta,JAKARTA BARAT,TAMAN SARI,MAPHAR,Perempuan,>=60,1439
2020,DKI Jakarta,JAKARTA BARAT,TAMAN SARI,TANGKI,Perempuan,>=60,1113
2020,DKI Jakarta,JAKARTA BARAT,TAMAN SARI,MANGGA BESAR,Perempuan,>=60,824
2020,DKI Jakarta,JAKARTA BARAT,TAMAN SARI,KEAGUNGAN,Perempuan,>=60,1177
2020,DKI Jakarta,JAKARTA BARAT,TAMAN SARI,GLODOK,Perempuan,>=60,1078
2020,DKI Jakarta,JAKARTA BARAT,TAMAN SARI,PINANGSIA,Perempuan,>=60,851
2020,DKI Jakarta,JAKARTA BARAT,TAMBORA,TAMBORA,Perempuan,>=60,821
2020,DKI Jakarta,JAKARTA BARAT,TAMBORA,KALI ANYAR,Perempuan,>=60,1155
2020,DKI Jakarta,JAKARTA BARAT,TAMBORA,DURI UTARA,Perempuan,>=60,1296
2020,DKI Jakarta,JAKARTA BARAT,TAMBORA,TANAH SEREAL,Perempuan,>=60,2008
2020,DKI Jakarta,JAKARTA BARAT,TAMBORA,KRENDANG,Perempuan,>=60,1092
2020,DKI Jakarta,JAKARTA BARAT,TAMBORA,JEMBATAN BESI,Perempuan,>=60,1258
2020,DKI Jakarta,JAKARTA BARAT,TAMBORA,ANGKE,Perempuan,>=60,1851
2020,DKI Jakarta,JAKARTA BARAT,TAMBORA,JEMBATAN LIMA,Perempuan,>=60,1371
2020,DKI Jakarta,JAKARTA BARAT,TAMBORA,PEKOJAN,Perempuan,>=60,1965
2020,DKI Jakarta,JAKARTA BARAT,TAMBORA,ROA MALAKA,Perempuan,>=60,437
2020,DKI Jakarta,JAKARTA BARAT,TAMBORA,DURI SELATAN,Perempuan,>=60,1077
2020,DKI Jakarta,JAKARTA BARAT,KEBON JERUK,KEBON JERUK,Perempuan,>=60,2748
2020,DKI Jakarta,JAKARTA BARAT,KEBON JERUK,SUKABUMI UTARA,Perempuan,>=60,2021
2020,DKI Jakarta,JAKARTA BARAT,KEBON JERUK,SUKABUMI SELATAN,Perempuan,>=60,1501
2020,DKI Jakarta,JAKARTA BARAT,KEBON JERUK,KELAPA DUA,Perempuan,>=60,1266
2020,DKI Jakarta,JAKARTA BARAT,KEBON JERUK,DURI KEPA,Perempuan,>=60,4420
2020,DKI Jakarta,JAKARTA BARAT,KEBON JERUK,KEDOYA UTARA,Perempuan,>=60,3010
2020,DKI Jakarta,JAKARTA BARAT,KEBON JERUK,KEDOYA SELATAN,Perempuan,>=60,2041
2020,DKI Jakarta,JAKARTA BARAT,KALI DERES,KALIDERES,Perempuan,>=60,3043
2020,DKI Jakarta,JAKARTA BARAT,KALI DERES,SEMANAN,Perempuan,>=60,2290
2020,DKI Jakarta,JAKARTA BARAT,KALI DERES,TEGAL ALUR,Perempuan,>=60,3226
2020,DKI Jakarta,JAKARTA BARAT,KALI DERES,KAMAL,Perempuan,>=60,1698
2020,DKI Jakarta,JAKARTA BARAT,KALI DERES,PEGADUNGAN,Perempuan,>=60,3257
2020,DKI Jakarta,JAKARTA BARAT,PAL MERAH,PALMERAH,Perempuan,>=60,3472
2020,DKI Jakarta,JAKARTA BARAT,PAL MERAH,SLIPI,Perempuan,>=60,1031
2020,DKI Jakarta,JAKARTA BARAT,PAL MERAH,KOTA BAMBU UTARA,Perempuan,>=60,1339
2020,DKI Jakarta,JAKARTA BARAT,PAL MERAH,JATIPULO,Perempuan,>=60,1736
2020,DKI Jakarta,JAKARTA BARAT,PAL MERAH,KEMANGGISAN,Perempuan,>=60,2082
2020,DKI Jakarta,JAKARTA BARAT,PAL MERAH,KOTA BAMBU SELATAN,Perempuan,>=60,1051
2020,DKI Jakarta,JAKARTA BARAT,KEMBANGAN,KEMBANGAN UTARA,Perempuan,>=60,2351
2020,DKI Jakarta,JAKARTA BARAT,KEMBANGAN,MERUYA UTARA,Perempuan,>=60,2778
2020,DKI Jakarta,JAKARTA BARAT,KEMBANGAN,MERUYA SELATAN,Perempuan,>=60,1603
2020,DKI Jakarta,JAKARTA BARAT,KEMBANGAN,SRENGSENG,Perempuan,>=60,2342
2020,DKI Jakarta,JAKARTA BARAT,KEMBANGAN,JOGLO,Perempuan,>=60,2344
2020,DKI Jakarta,JAKARTA BARAT,KEMBANGAN,KEMBANGAN SELATAN,Perempuan,>=60,1778
2020,DKI Jakarta,JAKARTA SELATAN,TEBET,TEBET TIMUR,Perempuan,>=60,1544
2020,DKI Jakarta,JAKARTA SELATAN,TEBET,TEBET BARAT,Perempuan,>=60,1728
2020,DKI Jakarta,JAKARTA SELATAN,TEBET,MENTENG DALAM,Perempuan,>=60,2119
2020,DKI Jakarta,JAKARTA SELATAN,TEBET,KEBON BARU,Perempuan,>=60,2264
2020,DKI Jakarta,JAKARTA SELATAN,TEBET,BUKIT DURI,Perempuan,>=60,2267
2020,DKI Jakarta,JAKARTA SELATAN,TEBET,MANGGARAI SELATAN,Perempuan,>=60,1493
2020,DKI Jakarta,JAKARTA SELATAN,TEBET,MANGGARAI,Perempuan,>=60,1753
2020,DKI Jakarta,JAKARTA SELATAN,SETIA BUDI,SETIA BUDI,Perempuan,>=60,200
2020,DKI Jakarta,JAKARTA SELATAN,SETIA BUDI,KARET SEMANGGI,Perempuan,>=60,196
2020,DKI Jakarta,JAKARTA SELATAN,SETIA BUDI,KARET KUNINGAN,Perempuan,>=60,930
2020,DKI Jakarta,JAKARTA SELATAN,SETIA BUDI,KARET,Perempuan,>=60,643
2020,DKI Jakarta,JAKARTA SELATAN,SETIA BUDI,MENTENG ATAS,Perempuan,>=60,1657
2020,DKI Jakarta,JAKARTA SELATAN,SETIA BUDI,PASAR MANGGIS,Perempuan,>=60,1546
2020,DKI Jakarta,JAKARTA SELATAN,SETIA BUDI,GUNTUR,Perempuan,>=60,395
2020,DKI Jakarta,JAKARTA SELATAN,SETIA BUDI,KUNINGAN TIMUR,Perempuan,>=60,348
2020,DKI Jakarta,JAKARTA SELATAN,MAMPANG PRAPATAN,MAMPANG PRAPATAN,Perempuan,>=60,880
2020,DKI Jakarta,JAKARTA SELATAN,MAMPANG PRAPATAN,BANGKA,Perempuan,>=60,1122
2020,DKI Jakarta,JAKARTA SELATAN,MAMPANG PRAPATAN,PELA MAMPANG,Perempuan,>=60,2436
2020,DKI Jakarta,JAKARTA SELATAN,MAMPANG PRAPATAN,TEGAL PARANG,Perempuan,>=60,1535
2020,DKI Jakarta,JAKARTA SELATAN,MAMPANG PRAPATAN,KUNINGAN BARAT,Perempuan,>=60,612
2020,DKI Jakarta,JAKARTA SELATAN,PASAR MINGGU,PASAR MINGGU,Perempuan,>=60,1689
2020,DKI Jakarta,JAKARTA SELATAN,PASAR MINGGU,JATI PADANG,Perempuan,>=60,2171
2020,DKI Jakarta,JAKARTA SELATAN,PASAR MINGGU,CILANDAK TIMUR,Perempuan,>=60,1112
2020,DKI Jakarta,JAKARTA SELATAN,PASAR MINGGU,RAGUNAN,Perempuan,>=60,2225
2020,DKI Jakarta,JAKARTA SELATAN,PASAR MINGGU,PEJATEN TIMUR,Perempuan,>=60,2854
2020,DKI Jakarta,JAKARTA SELATAN,PASAR MINGGU,PEJATEN BARAT,Perempuan,>=60,2119
2020,DKI Jakarta,JAKARTA SELATAN,PASAR MINGGU,KEBAGUSAN,Perempuan,>=60,1972
2020,DKI Jakarta,JAKARTA SELATAN,KEBAYORAN LAMA,KEBAYORAN LAMA UTARA,Perempuan,>=60,2288
2020,DKI Jakarta,JAKARTA SELATAN,KEBAYORAN LAMA,PONDOK PINANG,Perempuan,>=60,3753
2020,DKI Jakarta,JAKARTA SELATAN,KEBAYORAN LAMA,CIPULIR,Perempuan,>=60,2039
2020,DKI Jakarta,JAKARTA SELATAN,KEBAYORAN LAMA,GROGOL UTARA,Perempuan,>=60,2322
2020,DKI Jakarta,JAKARTA SELATAN,KEBAYORAN LAMA,GROGOL SELATAN,Perempuan,>=60,2387
2020,DKI Jakarta,JAKARTA SELATAN,KEBAYORAN LAMA,KEBAYORAN LAMA SELATAN,Perempuan,>=60,2445
2020,DKI Jakarta,JAKARTA SELATAN,CILANDAK,CILANDAK BARAT,Perempuan,>=60,3307
2020,DKI Jakarta,JAKARTA SELATAN,CILANDAK,LEBAK BULUS,Perempuan,>=60,2336
2020,DKI Jakarta,JAKARTA SELATAN,CILANDAK,PONDOK LABU,Perempuan,>=60,2565
2020,DKI Jakarta,JAKARTA SELATAN,CILANDAK,GANDARIA SELATAN,Perempuan,>=60,1391
2020,DKI Jakarta,JAKARTA SELATAN,CILANDAK,CIPETE SELATAN,Perempuan,>=60,1567
2020,DKI Jakarta,JAKARTA SELATAN,KEBAYORAN BARU,MELAWAI,Perempuan,>=60,295
2020,DKI Jakarta,JAKARTA SELATAN,KEBAYORAN BARU,GUNUNG,Perempuan,>=60,755
2020,DKI Jakarta,JAKARTA SELATAN,KEBAYORAN BARU,KRAMAT PELA,Perempuan,>=60,906
2020,DKI Jakarta,JAKARTA SELATAN,KEBAYORAN BARU,SELONG,Perempuan,>=60,346
2020,DKI Jakarta,JAKARTA SELATAN,KEBAYORAN BARU,RAWA BARAT,Perempuan,>=60,546
2020,DKI Jakarta,JAKARTA SELATAN,KEBAYORAN BARU,SENAYAN,Perempuan,>=60,213
2020,DKI Jakarta,JAKARTA SELATAN,KEBAYORAN BARU,PULO,Perempuan,>=60,572
2020,DKI Jakarta,JAKARTA SELATAN,KEBAYORAN BARU,PETOGOGAN,Perempuan,>=60,833
2020,DKI Jakarta,JAKARTA SELATAN,KEBAYORAN BARU,GANDARIA UTARA,Perempuan,>=60,2555
2020,DKI Jakarta,JAKARTA SELATAN,KEBAYORAN BARU,CIPETE UTARA,Perempuan,>=60,1748
2020,DKI Jakarta,JAKARTA SELATAN,PANCORAN,PANCORAN,Perempuan,>=60,1041
2020,DKI Jakarta,JAKARTA SELATAN,PANCORAN,KALIBATA,Perempuan,>=60,2249
2020,DKI Jakarta,JAKARTA SELATAN,PANCORAN,RAWAJATI,Perempuan,>=60,1158
2020,DKI Jakarta,JAKARTA SELATAN,PANCORAN,DUREN TIGA,Perempuan,>=60,1615
2020,DKI Jakarta,JAKARTA SELATAN,PANCORAN,PENGADEGAN,Perempuan,>=60,1185
2020,DKI Jakarta,JAKARTA SELATAN,PANCORAN,CIKOKO,Perempuan,>=60,584
2020,DKI Jakarta,JAKARTA SELATAN,JAGAKARSA,JAGAKARSA,Perempuan,>=60,2945
2020,DKI Jakarta,JAKARTA SELATAN,JAGAKARSA,SRENGSENG SAWAH,Perempuan,>=60,2827
2020,DKI Jakarta,JAKARTA SELATAN,JAGAKARSA,CIGANJUR,Perempuan,>=60,1649
2020,DKI Jakarta,JAKARTA SELATAN,JAGAKARSA,LENTENG AGUNG,Perempuan,>=60,2609
2020,DKI Jakarta,JAKARTA SELATAN,JAGAKARSA,TANJUNG BARAT,Perempuan,>=60,1986
2020,DKI Jakarta,JAKARTA SELATAN,JAGAKARSA,CIPEDAK,Perempuan,>=60,1578
2020,DKI Jakarta,JAKARTA SELATAN,PESANGGRAHAN,PESANGGRAHAN,Perempuan,>=60,1583
2020,DKI Jakarta,JAKARTA SELATAN,PESANGGRAHAN,BINTARO,Perempuan,>=60,2891
2020,DKI Jakarta,JAKARTA SELATAN,PESANGGRAHAN,PETUKANGAN UTARA,Perempuan,>=60,2893
2020,DKI Jakarta,JAKARTA SELATAN,PESANGGRAHAN,PETUKANGAN SELATAN,Perempuan,>=60,1961
2020,DKI Jakarta,JAKARTA SELATAN,PESANGGRAHAN,ULUJAMI,Perempuan,>=60,1965
2020,DKI Jakarta,JAKARTA TIMUR,MATRAMAN,PISANGAN BARU,Perempuan,>=60,2024
2020,DKI Jakarta,JAKARTA TIMUR,MATRAMAN,UTAN KAYU UTARA,Perempuan,>=60,1734
2020,DKI Jakarta,JAKARTA TIMUR,MATRAMAN,KAYU MANIS,Perempuan,>=60,1663
2020,DKI Jakarta,JAKARTA TIMUR,MATRAMAN,PALMERIAM,Perempuan,>=60,1338
2020,DKI Jakarta,JAKARTA TIMUR,MATRAMAN,KEBON MANGGIS,Perempuan,>=60,1233
2020,DKI Jakarta,JAKARTA TIMUR,MATRAMAN,UTAN KAYU SELATAN,Perempuan,>=60,2229
2020,DKI Jakarta,JAKARTA TIMUR,PULO GADUNG,PULO GADUNG,Perempuan,>=60,1886
2020,DKI Jakarta,JAKARTA TIMUR,PULO GADUNG,PISANGAN TIMUR,Perempuan,>=60,2486
2020,DKI Jakarta,JAKARTA TIMUR,PULO GADUNG,CIPINANG,Perempuan,>=60,2460
2020,DKI Jakarta,JAKARTA TIMUR,PULO GADUNG,JATINEGARA KAUM,Perempuan,>=60,1117
2020,DKI Jakarta,JAKARTA TIMUR,PULO GADUNG,RAWAMANGUN,Perempuan,>=60,2584
2020,DKI Jakarta,JAKARTA TIMUR,PULO GADUNG,KAYU PUTIH,Perempuan,>=60,2885
2020,DKI Jakarta,JAKARTA TIMUR,PULO GADUNG,JATI,Perempuan,>=60,2593
2020,DKI Jakarta,JAKARTA TIMUR,JATINEGARA,KAMPUNG MELAYU,Perempuan,>=60,1418
2020,DKI Jakarta,JAKARTA TIMUR,JATINEGARA,BIDARA CINA,Perempuan,>=60,2421
2020,DKI Jakarta,JAKARTA TIMUR,JATINEGARA,BALI MESTER,Perempuan,>=60,848
2020,DKI Jakarta,JAKARTA TIMUR,JATINEGARA,RAWA BUNGA,Perempuan,>=60,1410
2020,DKI Jakarta,JAKARTA TIMUR,JATINEGARA,CIPINANG CEMPEDAK,Perempuan,>=60,2549
2020,DKI Jakarta,JAKARTA TIMUR,JATINEGARA,CIPINANG MUARA,Perempuan,>=60,3578
2020,DKI Jakarta,JAKARTA TIMUR,JATINEGARA,CIPINANG BESAR SELATAN,Perempuan,>=60,1805
2020,DKI Jakarta,JAKARTA TIMUR,JATINEGARA,CIPINANG BESAR UTARA,Perempuan,>=60,2399
2020,DKI Jakarta,JAKARTA TIMUR,KRAMATJATI,KRAMATJATI,Perempuan,>=60,1841
2020,DKI Jakarta,JAKARTA TIMUR,KRAMATJATI,TENGAH,Perempuan,>=60,2096
2020,DKI Jakarta,JAKARTA TIMUR,KRAMATJATI,DUKUH,Perempuan,>=60,1221
2020,DKI Jakarta,JAKARTA TIMUR,KRAMATJATI,BATU AMPAR,Perempuan,>=60,2387
2020,DKI Jakarta,JAKARTA TIMUR,KRAMATJATI,BALEKAMBANG,Perempuan,>=60,1353
2020,DKI Jakarta,JAKARTA TIMUR,KRAMATJATI,CILILITAN,Perempuan,>=60,2337
2020,DKI Jakarta,JAKARTA TIMUR,KRAMATJATI,CAWANG,Perempuan,>=60,1907
2020,DKI Jakarta,JAKARTA TIMUR,PASAR REBO,GEDONG,Perempuan,>=60,1963
2020,DKI Jakarta,JAKARTA TIMUR,PASAR REBO,BARU,Perempuan,>=60,877
2020,DKI Jakarta,JAKARTA TIMUR,PASAR REBO,CIJANTUNG,Perempuan,>=60,2017
2020,DKI Jakarta,JAKARTA TIMUR,PASAR REBO,KALISARI,Perempuan,>=60,1981
2020,DKI Jakarta,JAKARTA TIMUR,PASAR REBO,PEKAYON,Perempuan,>=60,1919
2020,DKI Jakarta,JAKARTA TIMUR,CAKUNG,JATINEGARA,Perempuan,>=60,2768
2020,DKI Jakarta,JAKARTA TIMUR,CAKUNG,RAWA TERATE,Perempuan,>=60,839
2020,DKI Jakarta,JAKARTA TIMUR,CAKUNG,PENGGILINGAN,Perempuan,>=60,4057
2020,DKI Jakarta,JAKARTA TIMUR,CAKUNG,CAKUNG TIMUR,Perempuan,>=60,2290
2020,DKI Jakarta,JAKARTA TIMUR,CAKUNG,PULO GEBANG,Perempuan,>=60,4485
2020,DKI Jakarta,JAKARTA TIMUR,CAKUNG,UJUNG MENTENG,Perempuan,>=60,1370
2020,DKI Jakarta,JAKARTA TIMUR,CAKUNG,CAKUNG BARAT,Perempuan,>=60,1767
2020,DKI Jakarta,JAKARTA TIMUR,DUREN SAWIT,DUREN SAWIT,Perempuan,>=60,3759
2020,DKI Jakarta,JAKARTA TIMUR,DUREN SAWIT,PONDOK BAMBU,Perempuan,>=60,3597
2020,DKI Jakarta,JAKARTA TIMUR,DUREN SAWIT,KLENDER,Perempuan,>=60,3651
2020,DKI Jakarta,JAKARTA TIMUR,DUREN SAWIT,PONDOK KELAPA,Perempuan,>=60,4319
2020,DKI Jakarta,JAKARTA TIMUR,DUREN SAWIT,MALAKA SARI,Perempuan,>=60,2268
2020,DKI Jakarta,JAKARTA TIMUR,DUREN SAWIT,MALAKA JAYA,Perempuan,>=60,2376
2020,DKI Jakarta,JAKARTA TIMUR,DUREN SAWIT,PONDOK KOPI,Perempuan,>=60,2079
2020,DKI Jakarta,JAKARTA TIMUR,MAKASAR,MAKASAR,Perempuan,>=60,1981
2020,DKI Jakarta,JAKARTA TIMUR,MAKASAR,PINANGRANTI,Perempuan,>=60,1195
2020,DKI Jakarta,JAKARTA TIMUR,MAKASAR,KEBON PALA,Perempuan,>=60,2371
2020,DKI Jakarta,JAKARTA TIMUR,MAKASAR,HALIM PERDANA KUSUMAH,Perempuan,>=60,916
2020,DKI Jakarta,JAKARTA TIMUR,MAKASAR,CIPINANG MELAYU,Perempuan,>=60,2608
2020,DKI Jakarta,JAKARTA TIMUR,CIRACAS,CIRACAS,Perempuan,>=60,2903
2020,DKI Jakarta,JAKARTA TIMUR,CIRACAS,CIBUBUR,Perempuan,>=60,3524
2020,DKI Jakarta,JAKARTA TIMUR,CIRACAS,KELAPA DUA WETAN,Perempuan,>=60,2529
2020,DKI Jakarta,JAKARTA TIMUR,CIRACAS,SUSUKAN,Perempuan,>=60,1780
2020,DKI Jakarta,JAKARTA TIMUR,CIRACAS,RAMBUTAN,Perempuan,>=60,1699
2020,DKI Jakarta,JAKARTA TIMUR,CIPAYUNG,CIPAYUNG,Perempuan,>=60,1266
2020,DKI Jakarta,JAKARTA TIMUR,CIPAYUNG,CILANGKAP,Perempuan,>=60,987
2020,DKI Jakarta,JAKARTA TIMUR,CIPAYUNG,PONDOK RANGGON,Perempuan,>=60,996
2020,DKI Jakarta,JAKARTA TIMUR,CIPAYUNG,MUNJUL,Perempuan,>=60,1120
2020,DKI Jakarta,JAKARTA TIMUR,CIPAYUNG,SETU,Perempuan,>=60,899
2020,DKI Jakarta,JAKARTA TIMUR,CIPAYUNG,BAMBU APUS,Perempuan,>=60,1172
2020,DKI Jakarta,JAKARTA TIMUR,CIPAYUNG,LUBANG BUAYA,Perempuan,>=60,2925
2020,DKI Jakarta,JAKARTA TIMUR,CIPAYUNG,CEGER,Perempuan,>=60,877
