tahun,provinsi,kabupaten_kota,kecamatan,kelurahan,jenis_kelamin,jumlah
2020,DKI Jakarta,KAB.ADM.KEP.SERIBU,KEP. SERIBU UTR,P. PANGGANG,Laki-Laki,1266
2020,DKI Jakarta,KAB.ADM.KEP.SERIBU,KEP. SERIBU UTR,P. KELAPA,Laki-Laki,1237
2020,DKI Jakarta,KAB.ADM.KEP.SERIBU,KEP. SERIBU UTR,P. HARAPAN,Laki-Laki,429
2020,DKI Jakarta,KAB.ADM.KEP.SERIBU,KEP. SERIBU SLT,P. UNTUNG JAWA,Laki-Laki,482
2020,DKI Jakarta,KAB.ADM.KEP.SERIBU,KEP. SERIBU SLT,P. TIDUNG,Laki-Laki,1079
2020,DKI Jakarta,KAB.ADM.KEP.SERIBU,KEP. SERIBU SLT,P. PARI,Laki-Laki,680
2020,DKI Jakarta,JAKARTA PUSAT,GAMBIR,GAMBIR,Laki-Laki,328
2020,DKI Jakarta,JAKARTA PUSAT,GAMBIR,CIDENG,Laki-Laki,2428
2020,DKI Jakarta,JAKARTA PUSAT,GAMBIR,PETOJO UTARA,Laki-Laki,3062
2020,DKI Jakarta,JAKARTA PUSAT,GAMBIR,PETOJO SELATAN,Laki-Laki,2557
2020,DKI Jakarta,JAKARTA PUSAT,GAMBIR,KEBON KELAPA,Laki-Laki,1711
2020,DKI Jakarta,JAKARTA PUSAT,GAMBIR,DURI PULO,Laki-Laki,3790
2020,DKI Jakarta,JAKARTA PUSAT,SAWAH BESAR,PASAR BARU,Laki-Laki,1844
2020,DKI Jakarta,JAKARTA PUSAT,SAWAH BESAR,KARANG ANYAR,Laki-Laki,4807
2020,DKI Jakarta,JAKARTA PUSAT,SAWAH BESAR,KARTINI,Laki-Laki,3577
2020,DKI Jakarta,JAKARTA PUSAT,SAWAH BESAR,GUNUNG SAHARI UTARA,Laki-Laki,2614
2020,DKI Jakarta,JAKARTA PUSAT,SAWAH BESAR,MANGGA DUA SELATAN,Laki-Laki,5146
2020,DKI Jakarta,JAKARTA PUSAT,KEMAYORAN,KEMAYORAN,Laki-Laki,3839
2020,DKI Jakarta,JAKARTA PUSAT,KEMAYORAN,KEBON KOSONG,Laki-Laki,6086
2020,DKI Jakarta,JAKARTA PUSAT,KEMAYORAN,HARAPAN MULIA,Laki-Laki,4614
2020,DKI Jakarta,JAKARTA PUSAT,KEMAYORAN,SERDANG,Laki-Laki,5987
2020,DKI Jakarta,JAKARTA PUSAT,KEMAYORAN,GUNUNG SAHARI SELATAN,Laki-Laki,3569
2020,DKI Jakarta,JAKARTA PUSAT,KEMAYORAN,CEMPAKA BARU,Laki-Laki,6657
2020,DKI Jakarta,JAKARTA PUSAT,KEMAYORAN,SUMUR BATU,Laki-Laki,4566
2020,DKI Jakarta,JAKARTA PUSAT,KEMAYORAN,UTAN PANJANG,Laki-Laki,6164
2020,DKI Jakarta,JAKARTA PUSAT,SENEN,SENEN,Laki-Laki,1283
2020,DKI Jakarta,JAKARTA PUSAT,SENEN,KENARI,Laki-Laki,1589
2020,DKI Jakarta,JAKARTA PUSAT,SENEN,PASEBAN,Laki-Laki,4466
2020,DKI Jakarta,JAKARTA PUSAT,SENEN,KRAMAT,Laki-Laki,5479
2020,DKI Jakarta,JAKARTA PUSAT,SENEN,KWITANG,Laki-Laki,2943
2020,DKI Jakarta,JAKARTA PUSAT,SENEN,BUNGUR,Laki-Laki,3367
2020,DKI Jakarta,JAKARTA PUSAT,CEMPAKA PUTIH,CEMPAKA PUTIH TIMUR,Laki-Laki,4068
2020,DKI Jakarta,JAKARTA PUSAT,CEMPAKA PUTIH,CEMPAKA PUTIH BARAT,Laki-Laki,6809
2020,DKI Jakarta,JAKARTA PUSAT,CEMPAKA PUTIH,RAWASARI,Laki-Laki,3930
2020,DKI Jakarta,JAKARTA PUSAT,MENTENG,MENTENG,Laki-Laki,4599
2020,DKI Jakarta,JAKARTA PUSAT,MENTENG,PEGANGSAAN,Laki-Laki,4328
2020,DKI Jakarta,JAKARTA PUSAT,MENTENG,CIKINI,Laki-Laki,1483
2020,DKI Jakarta,JAKARTA PUSAT,MENTENG,GONDANGDIA,Laki-Laki,526
2020,DKI Jakarta,JAKARTA PUSAT,MENTENG,KEBON SIRIH,Laki-Laki,2212
2020,DKI Jakarta,JAKARTA PUSAT,TANAH ABANG,GELORA,Laki-Laki,549
2020,DKI Jakarta,JAKARTA PUSAT,TANAH ABANG,BENDUNGAN HILIR,Laki-Laki,3696
2020,DKI Jakarta,JAKARTA PUSAT,TANAH ABANG,KARET TENGSIN,Laki-Laki,3827
2020,DKI Jakarta,JAKARTA PUSAT,TANAH ABANG,PETAMBURAN,Laki-Laki,6777
2020,DKI Jakarta,JAKARTA PUSAT,TANAH ABANG,KEBON MELATI,Laki-Laki,6640
2020,DKI Jakarta,JAKARTA PUSAT,TANAH ABANG,KEBON KACANG,Laki-Laki,3975
2020,DKI Jakarta,JAKARTA PUSAT,TANAH ABANG,KAMPUNG BALI,Laki-Laki,2244
2020,DKI Jakarta,JAKARTA PUSAT,JOHAR BARU,JOHAR BARU,Laki-Laki,7094
2020,DKI Jakarta,JAKARTA PUSAT,JOHAR BARU,KAMPUNG RAWA,Laki-Laki,4373
2020,DKI Jakarta,JAKARTA PUSAT,JOHAR BARU,GALUR,Laki-Laki,3722
2020,DKI Jakarta,JAKARTA PUSAT,JOHAR BARU,TANAH TINGGI,Laki-Laki,7584
2020,DKI Jakarta,JAKARTA UTARA,PENJARINGAN,PENJARINGAN,Laki-Laki,18502
2020,DKI Jakarta,JAKARTA UTARA,PENJARINGAN,KAMAL MUARA,Laki-Laki,2739
2020,DKI Jakarta,JAKARTA UTARA,PENJARINGAN,KAPUK MUARA,Laki-Laki,7023
2020,DKI Jakarta,JAKARTA UTARA,PENJARINGAN,PEJAGALAN,Laki-Laki,13064
2020,DKI Jakarta,JAKARTA UTARA,PENJARINGAN,PLUIT,Laki-Laki,7660
2020,DKI Jakarta,JAKARTA UTARA,TANJUNG PRIOK,TANJUNG PRIOK,Laki-Laki,7118
2020,DKI Jakarta,JAKARTA UTARA,TANJUNG PRIOK,SUNTER JAYA,Laki-Laki,12432
2020,DKI Jakarta,JAKARTA UTARA,TANJUNG PRIOK,PAPANGGO,Laki-Laki,8223
2020,DKI Jakarta,JAKARTA UTARA,TANJUNG PRIOK,SUNGAI BAMBU,Laki-Laki,6245
2020,DKI Jakarta,JAKARTA UTARA,TANJUNG PRIOK,KEBON BAWANG,Laki-Laki,10432
2020,DKI Jakarta,JAKARTA UTARA,TANJUNG PRIOK,SUNTER AGUNG,Laki-Laki,12766
2020,DKI Jakarta,JAKARTA UTARA,TANJUNG PRIOK,WARAKAS,Laki-Laki,9359
2020,DKI Jakarta,JAKARTA UTARA,KOJA,KOJA,Laki-Laki,5979
2020,DKI Jakarta,JAKARTA UTARA,KOJA,TUGU UTARA,Laki-Laki,14990
2020,DKI Jakarta,JAKARTA UTARA,KOJA,LAGOA,Laki-Laki,12754
2020,DKI Jakarta,JAKARTA UTARA,KOJA,RAWA BADAK UTARA,Laki-Laki,7380
2020,DKI Jakarta,JAKARTA UTARA,KOJA,TUGU SELATAN,Laki-Laki,8862
2020,DKI Jakarta,JAKARTA UTARA,KOJA,RAWA BADAK SELATAN,Laki-Laki,9444
2020,DKI Jakarta,JAKARTA UTARA,CILINCING,CILINCING,Laki-Laki,9740
2020,DKI Jakarta,JAKARTA UTARA,CILINCING,SUKAPURA,Laki-Laki,11831
2020,DKI Jakarta,JAKARTA UTARA,CILINCING,MARUNDA,Laki-Laki,6979
2020,DKI Jakarta,JAKARTA UTARA,CILINCING,KALI BARU,Laki-Laki,16086
2020,DKI Jakarta,JAKARTA UTARA,CILINCING,SEMPER TIMUR,Laki-Laki,7817
2020,DKI Jakarta,JAKARTA UTARA,CILINCING,ROROTAN,Laki-Laki,9833
2020,DKI Jakarta,JAKARTA UTARA,CILINCING,SEMPER BARAT,Laki-Laki,14718
2020,DKI Jakarta,JAKARTA UTARA,PADEMANGAN,PADEMANGAN TIMUR,Laki-Laki,6518
2020,DKI Jakarta,JAKARTA UTARA,PADEMANGAN,PADEMANGAN BARAT,Laki-Laki,15150
2020,DKI Jakarta,JAKARTA UTARA,PADEMANGAN,ANCOL,Laki-Laki,4710
2020,DKI Jakarta,JAKARTA UTARA,KELAPA GADING,KELAPA GADING TIMUR,Laki-Laki,5085
2020,DKI Jakarta,JAKARTA UTARA,KELAPA GADING,PEGANGSAAN DUA,Laki-Laki,8567
2020,DKI Jakarta,JAKARTA UTARA,KELAPA GADING,KELAPA GADING BARAT,Laki-Laki,6060
2020,DKI Jakarta,JAKARTA BARAT,CENGKARENG,CENGKARENG BARAT,Laki-Laki,13111
2020,DKI Jakarta,JAKARTA BARAT,CENGKARENG,DURI KOSAMBI,Laki-Laki,16166
2020,DKI Jakarta,JAKARTA BARAT,CENGKARENG,RAWA BUAYA,Laki-Laki,13108
2020,DKI Jakarta,JAKARTA BARAT,CENGKARENG,KEDAUNG KALI ANGKE,Laki-Laki,6653
2020,DKI Jakarta,JAKARTA BARAT,CENGKARENG,KAPUK,Laki-Laki,29027
2020,DKI Jakarta,JAKARTA BARAT,CENGKARENG,CENGKARENG TIMUR,Laki-Laki,16728
2020,DKI Jakarta,JAKARTA BARAT,GROGOL PETAMBURAN,GROGOL,Laki-Laki,2829
2020,DKI Jakarta,JAKARTA BARAT,GROGOL PETAMBURAN,TANJUNG DUREN UTARA,Laki-Laki,2821
2020,DKI Jakarta,JAKARTA BARAT,GROGOL PETAMBURAN,TOMANG,Laki-Laki,5028
2020,DKI Jakarta,JAKARTA BARAT,GROGOL PETAMBURAN,JELAMBAR,Laki-Laki,5024
2020,DKI Jakarta,JAKARTA BARAT,GROGOL PETAMBURAN,TANJUNG DUREN SELATAN,Laki-Laki,4092
2020,DKI Jakarta,JAKARTA BARAT,GROGOL PETAMBURAN,JELAMBAR BARU,Laki-Laki,6705
2020,DKI Jakarta,JAKARTA BARAT,GROGOL PETAMBURAN,WIJAYA KUSUMA,Laki-Laki,7309
2020,DKI Jakarta,JAKARTA BARAT,TAMAN SARI,TAMAN SARI,Laki-Laki,2256
2020,DKI Jakarta,JAKARTA BARAT,TAMAN SARI,KRUKUT,Laki-Laki,3584
2020,DKI Jakarta,JAKARTA BARAT,TAMAN SARI,MAPHAR,Laki-Laki,2654
2020,DKI Jakarta,JAKARTA BARAT,TAMAN SARI,TANGKI,Laki-Laki,2055
2020,DKI Jakarta,JAKARTA BARAT,TAMAN SARI,MANGGA BESAR,Laki-Laki,1152
2020,DKI Jakarta,JAKARTA BARAT,TAMAN SARI,KEAGUNGAN,Laki-Laki,3134
2020,DKI Jakarta,JAKARTA BARAT,TAMAN SARI,GLODOK,Laki-Laki,971
2020,DKI Jakarta,JAKARTA BARAT,TAMAN SARI,PINANGSIA,Laki-Laki,1839
2020,DKI Jakarta,JAKARTA BARAT,TAMBORA,TAMBORA,Laki-Laki,1749
2020,DKI Jakarta,JAKARTA BARAT,TAMBORA,KALI ANYAR,Laki-Laki,4850
2020,DKI Jakarta,JAKARTA BARAT,TAMBORA,DURI UTARA,Laki-Laki,3656
2020,DKI Jakarta,JAKARTA BARAT,TAMBORA,TANAH SEREAL,Laki-Laki,4626
2020,DKI Jakarta,JAKARTA BARAT,TAMBORA,KERENDANG,Laki-Laki,3954
2020,DKI Jakarta,JAKARTA BARAT,TAMBORA,JEMBATAN BESI,Laki-Laki,5736
2020,DKI Jakarta,JAKARTA BARAT,TAMBORA,ANGKE,Laki-Laki,5443
2020,DKI Jakarta,JAKARTA BARAT,TAMBORA,JEMBATAN LIMA,Laki-Laki,3882
2020,DKI Jakarta,JAKARTA BARAT,TAMBORA,PEKOJAN,Laki-Laki,3937
2020,DKI Jakarta,JAKARTA BARAT,TAMBORA,ROA MALAKA,Laki-Laki,436
2020,DKI Jakarta,JAKARTA BARAT,TAMBORA,DURI SELATAN,Laki-Laki,2509
2020,DKI Jakarta,JAKARTA BARAT,KEBON JERUK,KEBON JERUK,Laki-Laki,10825
2020,DKI Jakarta,JAKARTA BARAT,KEBON JERUK,SUKABUMI UTARA,Laki-Laki,7901
2020,DKI Jakarta,JAKARTA BARAT,KEBON JERUK,SUKABUMI SELATAN,Laki-Laki,7915
2020,DKI Jakarta,JAKARTA BARAT,KEBON JERUK,KELAPA DUA,Laki-Laki,4612
2020,DKI Jakarta,JAKARTA BARAT,KEBON JERUK,DURI KEPA,Laki-Laki,10797
2020,DKI Jakarta,JAKARTA BARAT,KEBON JERUK,KEDOYA UTARA,Laki-Laki,8490
2020,DKI Jakarta,JAKARTA BARAT,KEBON JERUK,KEDOYA SELATAN,Laki-Laki,6186
2020,DKI Jakarta,JAKARTA BARAT,KALI DERES,KALIDERES,Laki-Laki,14659
2020,DKI Jakarta,JAKARTA BARAT,KALI DERES,SEMANAN,Laki-Laki,15622
2020,DKI Jakarta,JAKARTA BARAT,KALI DERES,TEGAL ALUR,Laki-Laki,17387
2020,DKI Jakarta,JAKARTA BARAT,KALI DERES,KAMAL,Laki-Laki,11948
2020,DKI Jakarta,JAKARTA BARAT,KALI DERES,PEGADUNGAN,Laki-Laki,15065
2020,DKI Jakarta,JAKARTA BARAT,PALMERAH,PALMERAH,Laki-Laki,12174
2020,DKI Jakarta,JAKARTA BARAT,PALMERAH,SLIPI,Laki-Laki,3211
2020,DKI Jakarta,JAKARTA BARAT,PALMERAH,KOTA BAMBU UTARA,Laki-Laki,5181
2020,DKI Jakarta,JAKARTA BARAT,PALMERAH,JATI PULO,Laki-Laki,5764
2020,DKI Jakarta,JAKARTA BARAT,PALMERAH,KEMANGGISAN,Laki-Laki,5904
2020,DKI Jakarta,JAKARTA BARAT,PALMERAH,KOTA BAMBU SELATAN,Laki-Laki,4456
2020,DKI Jakarta,JAKARTA BARAT,KEMBANGAN,KEMBANGAN UTARA,Laki-Laki,11233
2020,DKI Jakarta,JAKARTA BARAT,KEMBANGAN,MERUYA UTARA,Laki-Laki,8506
2020,DKI Jakarta,JAKARTA BARAT,KEMBANGAN,MERUYA SELATAN,Laki-Laki,6643
2020,DKI Jakarta,JAKARTA BARAT,KEMBANGAN,SRENGSENG,Laki-Laki,9251
2020,DKI Jakarta,JAKARTA BARAT,KEMBANGAN,JOGLO,Laki-Laki,8311
2020,DKI Jakarta,JAKARTA BARAT,KEMBANGAN,KEMBANGAN SELATAN,Laki-Laki,4911
2020,DKI Jakarta,JAKARTA SELATAN,TEBET,TEBET TIMUR,Laki-Laki,2898
2020,DKI Jakarta,JAKARTA SELATAN,TEBET,TEBET BARAT,Laki-Laki,3534
2020,DKI Jakarta,JAKARTA SELATAN,TEBET,MENTENG DALAM,Laki-Laki,6866
2020,DKI Jakarta,JAKARTA SELATAN,TEBET,KEBON BARU,Laki-Laki,6958
2020,DKI Jakarta,JAKARTA SELATAN,TEBET,BUKIT DURI,Laki-Laki,6472
2020,DKI Jakarta,JAKARTA SELATAN,TEBET,MANGGARAI SELATAN,Laki-Laki,4270
2020,DKI Jakarta,JAKARTA SELATAN,TEBET,MANGGARAI,Laki-Laki,5467
2020,DKI Jakarta,JAKARTA SELATAN,SETIA BUDI,SETIA BUDI,Laki-Laki,459
2020,DKI Jakarta,JAKARTA SELATAN,SETIA BUDI,KARET SEMANGGI,Laki-Laki,457
2020,DKI Jakarta,JAKARTA SELATAN,SETIA BUDI,KARET KUNINGAN,Laki-Laki,2887
2020,DKI Jakarta,JAKARTA SELATAN,SETIA BUDI,KARET,Laki-Laki,1644
2020,DKI Jakarta,JAKARTA SELATAN,SETIA BUDI,MENTENG ATAS,Laki-Laki,5286
2020,DKI Jakarta,JAKARTA SELATAN,SETIA BUDI,PASAR MANGGIS,Laki-Laki,5113
2020,DKI Jakarta,JAKARTA SELATAN,SETIA BUDI,GUNTUR,Laki-Laki,531
2020,DKI Jakarta,JAKARTA SELATAN,SETIA BUDI,KUNINGAN TIMUR,Laki-Laki,1076
2020,DKI Jakarta,JAKARTA SELATAN,MAMPANG PRAPATAN,MAMPANG PRAPATAN,Laki-Laki,3509
2020,DKI Jakarta,JAKARTA SELATAN,MAMPANG PRAPATAN,BANGKA,Laki-Laki,3935
2020,DKI Jakarta,JAKARTA SELATAN,MAMPANG PRAPATAN,PELA MAMPANG,Laki-Laki,8110
2020,DKI Jakarta,JAKARTA SELATAN,MAMPANG PRAPATAN,TEGAL PARANG,Laki-Laki,6522
2020,DKI Jakarta,JAKARTA SELATAN,MAMPANG PRAPATAN,KUNINGAN BARAT,Laki-Laki,2406
2020,DKI Jakarta,JAKARTA SELATAN,PASAR MINGGU,PASAR MINGGU,Laki-Laki,4529
2020,DKI Jakarta,JAKARTA SELATAN,PASAR MINGGU,JATI PADANG,Laki-Laki,7191
2020,DKI Jakarta,JAKARTA SELATAN,PASAR MINGGU,CILANDAK TIMUR,Laki-Laki,4991
2020,DKI Jakarta,JAKARTA SELATAN,PASAR MINGGU,RAGUNAN,Laki-Laki,7612
2020,DKI Jakarta,JAKARTA SELATAN,PASAR MINGGU,PEJATEN TIMUR,Laki-Laki,11522
2020,DKI Jakarta,JAKARTA SELATAN,PASAR MINGGU,PEJATEN BARAT,Laki-Laki,7131
2020,DKI Jakarta,JAKARTA SELATAN,PASAR MINGGU,KEBAGUSAN,Laki-Laki,9212
2020,DKI Jakarta,JAKARTA SELATAN,KEBAYORAN LAMA,KEBAYORAN LAMA UTARA,Laki-Laki,8244
2020,DKI Jakarta,JAKARTA SELATAN,KEBAYORAN LAMA,PONDOK PINANG,Laki-Laki,10357
2020,DKI Jakarta,JAKARTA SELATAN,KEBAYORAN LAMA,CIPULIR,Laki-Laki,7747
2020,DKI Jakarta,JAKARTA SELATAN,KEBAYORAN LAMA,GROGOL UTARA,Laki-Laki,8097
2020,DKI Jakarta,JAKARTA SELATAN,KEBAYORAN LAMA,GROGOL SELATAN,Laki-Laki,8444
2020,DKI Jakarta,JAKARTA SELATAN,KEBAYORAN LAMA,KEBAYORAN LAMA SELATAN,Laki-Laki,7724
2020,DKI Jakarta,JAKARTA SELATAN,CILANDAK,CILANDAK BARAT,Laki-Laki,9326
2020,DKI Jakarta,JAKARTA SELATAN,CILANDAK,LEBAK BULUS,Laki-Laki,6861
2020,DKI Jakarta,JAKARTA SELATAN,CILANDAK,PONDOK LABU,Laki-Laki,8928
2020,DKI Jakarta,JAKARTA SELATAN,CILANDAK,GANDARIA SELATAN,Laki-Laki,3988
2020,DKI Jakarta,JAKARTA SELATAN,CILANDAK,CIPETE SELATAN,Laki-Laki,4740
2020,DKI Jakarta,JAKARTA SELATAN,KEBAYORAN BARU,MELAWAI,Laki-Laki,374
2020,DKI Jakarta,JAKARTA SELATAN,KEBAYORAN BARU,GUNUNG,Laki-Laki,1533
2020,DKI Jakarta,JAKARTA SELATAN,KEBAYORAN BARU,KRAMAT PELA,Laki-Laki,2574
2020,DKI Jakarta,JAKARTA SELATAN,KEBAYORAN BARU,SELONG,Laki-Laki,372
2020,DKI Jakarta,JAKARTA SELATAN,KEBAYORAN BARU,RAWA BARAT,Laki-Laki,838
2020,DKI Jakarta,JAKARTA SELATAN,KEBAYORAN BARU,SENAYAN,Laki-Laki,401
2020,DKI Jakarta,JAKARTA SELATAN,KEBAYORAN BARU,PULO,Laki-Laki,794
2020,DKI Jakarta,JAKARTA SELATAN,KEBAYORAN BARU,PETOGOGAN,Laki-Laki,1879
2020,DKI Jakarta,JAKARTA SELATAN,KEBAYORAN BARU,GANDARIA UTARA,Laki-Laki,7049
2020,DKI Jakarta,JAKARTA SELATAN,KEBAYORAN BARU,CIPETE UTARA,Laki-Laki,6375
2020,DKI Jakarta,JAKARTA SELATAN,PANCORAN,PANCORAN,Laki-Laki,3894
2020,DKI Jakarta,JAKARTA SELATAN,PANCORAN,KALIBATA,Laki-Laki,8302
2020,DKI Jakarta,JAKARTA SELATAN,PANCORAN,RAWA JATI,Laki-Laki,3915
2020,DKI Jakarta,JAKARTA SELATAN,PANCORAN,DUREN TIGA,Laki-Laki,5379
2020,DKI Jakarta,JAKARTA SELATAN,PANCORAN,PENGADEGAN,Laki-Laki,3888
2020,DKI Jakarta,JAKARTA SELATAN,PANCORAN,CIKOKO,Laki-Laki,2014
2020,DKI Jakarta,JAKARTA SELATAN,JAGAKARSA,JAGAKARSA,Laki-Laki,12574
2020,DKI Jakarta,JAKARTA SELATAN,JAGAKARSA,SRENGSENG SAWAH,Laki-Laki,11742
2020,DKI Jakarta,JAKARTA SELATAN,JAGAKARSA,CIGANJUR,Laki-Laki,7882
2020,DKI Jakarta,JAKARTA SELATAN,JAGAKARSA,LENTENG AGUNG,Laki-Laki,11140
2020,DKI Jakarta,JAKARTA SELATAN,JAGAKARSA,TANJUNG BARAT,Laki-Laki,7937
2020,DKI Jakarta,JAKARTA SELATAN,JAGAKARSA,CIPEDAK,Laki-Laki,7954
2020,DKI Jakarta,JAKARTA SELATAN,PESANGGRAHAN,PESANGGRAHAN,Laki-Laki,5411
2020,DKI Jakarta,JAKARTA SELATAN,PESANGGRAHAN,BINTARO,Laki-Laki,10260
2020,DKI Jakarta,JAKARTA SELATAN,PESANGGRAHAN,PETUKANGAN UTARA,Laki-Laki,10855
2020,DKI Jakarta,JAKARTA SELATAN,PESANGGRAHAN,PETUKANGAN SELATAN,Laki-Laki,7282
2020,DKI Jakarta,JAKARTA SELATAN,PESANGGRAHAN,ULUJAMI,Laki-Laki,8446
2020,DKI Jakarta,JAKARTA TIMUR,MATRAMAN,PISANGAN BARU,Laki-Laki,6020
2020,DKI Jakarta,JAKARTA TIMUR,MATRAMAN,UTAN KAYU UTARA,Laki-Laki,5369
2020,DKI Jakarta,JAKARTA TIMUR,MATRAMAN,KAYU MANIS,Laki-Laki,4623
2020,DKI Jakarta,JAKARTA TIMUR,MATRAMAN,PAL MERIAM,Laki-Laki,3380
2020,DKI Jakarta,JAKARTA TIMUR,MATRAMAN,KEBON MANGGIS,Laki-Laki,2849
2020,DKI Jakarta,JAKARTA TIMUR,MATRAMAN,UTAN KAYU SELATAN,Laki-Laki,6340
2020,DKI Jakarta,JAKARTA TIMUR,PULO GADUNG,PULO GADUNG,Laki-Laki,6381
2020,DKI Jakarta,JAKARTA TIMUR,PULO GADUNG,PISANGAN TIMUR,Laki-Laki,7797
2020,DKI Jakarta,JAKARTA TIMUR,PULO GADUNG,CIPINANG,Laki-Laki,7454
2020,DKI Jakarta,JAKARTA TIMUR,PULO GADUNG,JATINEGARA KAUM,Laki-Laki,5106
2020,DKI Jakarta,JAKARTA TIMUR,PULO GADUNG,RAWAMANGUN,Laki-Laki,6697
2020,DKI Jakarta,JAKARTA TIMUR,PULO GADUNG,KAYU PUTIH,Laki-Laki,7280
2020,DKI Jakarta,JAKARTA TIMUR,PULO GADUNG,JATI,Laki-Laki,5748
2020,DKI Jakarta,JAKARTA TIMUR,JATINEGARA,KAMPUNG MELAYU,Laki-Laki,5311
2020,DKI Jakarta,JAKARTA TIMUR,JATINEGARA,BIDARA CINA,Laki-Laki,6660
2020,DKI Jakarta,JAKARTA TIMUR,JATINEGARA,BALI MESTER,Laki-Laki,1531
2020,DKI Jakarta,JAKARTA TIMUR,JATINEGARA,RAWA BUNGA,Laki-Laki,4299
2020,DKI Jakarta,JAKARTA TIMUR,JATINEGARA,CIPINANG CEMPEDAK,Laki-Laki,5732
2020,DKI Jakarta,JAKARTA TIMUR,JATINEGARA,CIPINANG MUARA,Laki-Laki,10760
2020,DKI Jakarta,JAKARTA TIMUR,JATINEGARA,CIPINANG BESAR SELATAN,Laki-Laki,7144
2020,DKI Jakarta,JAKARTA TIMUR,JATINEGARA,CIPINANG BESAR UTARA,Laki-Laki,9616
2020,DKI Jakarta,JAKARTA TIMUR,KRAMAT JATI,KRAMAT JATI,Laki-Laki,6553
2020,DKI Jakarta,JAKARTA TIMUR,KRAMAT JATI,KAMPUNG TENGAH,Laki-Laki,9324
2020,DKI Jakarta,JAKARTA TIMUR,KRAMAT JATI,DUKUH,Laki-Laki,5257
2020,DKI Jakarta,JAKARTA TIMUR,KRAMAT JATI,BATU AMPAR,Laki-Laki,9971
2020,DKI Jakarta,JAKARTA TIMUR,KRAMAT JATI,BALE KAMBANG,Laki-Laki,6138
2020,DKI Jakarta,JAKARTA TIMUR,KRAMAT JATI,CILILITAN,Laki-Laki,8019
2020,DKI Jakarta,JAKARTA TIMUR,KRAMAT JATI,CAWANG,Laki-Laki,6266
2020,DKI Jakarta,JAKARTA TIMUR,PASAR REBO,GEDONG,Laki-Laki,7216
2020,DKI Jakarta,JAKARTA TIMUR,PASAR REBO,BARU,Laki-Laki,5216
2020,DKI Jakarta,JAKARTA TIMUR,PASAR REBO,CIJANTUNG,Laki-Laki,8073
2020,DKI Jakarta,JAKARTA TIMUR,PASAR REBO,KALISARI,Laki-Laki,8631
2020,DKI Jakarta,JAKARTA TIMUR,PASAR REBO,PEKAYON,Laki-Laki,8739
2020,DKI Jakarta,JAKARTA TIMUR,CAKUNG,JATINEGARA,Laki-Laki,18131
2020,DKI Jakarta,JAKARTA TIMUR,CAKUNG,RAWA TERATE,Laki-Laki,5340
2020,DKI Jakarta,JAKARTA TIMUR,CAKUNG,PENGGILINGAN,Laki-Laki,21038
2020,DKI Jakarta,JAKARTA TIMUR,CAKUNG,CAKUNG TIMUR,Laki-Laki,12584
2020,DKI Jakarta,JAKARTA TIMUR,CAKUNG,PULO GEBANG,Laki-Laki,20423
2020,DKI Jakarta,JAKARTA TIMUR,CAKUNG,UJUNG MENTENG,Laki-Laki,6245
2020,DKI Jakarta,JAKARTA TIMUR,CAKUNG,CAKUNG BARAT,Laki-Laki,12977
2020,DKI Jakarta,JAKARTA TIMUR,DUREN SAWIT,DUREN SAWIT,Laki-Laki,11801
2020,DKI Jakarta,JAKARTA TIMUR,DUREN SAWIT,PONDOK BAMBU,Laki-Laki,12047
2020,DKI Jakarta,JAKARTA TIMUR,DUREN SAWIT,KLENDER,Laki-Laki,14592
2020,DKI Jakarta,JAKARTA TIMUR,DUREN SAWIT,PONDOK KELAPA,Laki-Laki,14150
2020,DKI Jakarta,JAKARTA TIMUR,DUREN SAWIT,MALAKA SARI,Laki-Laki,5103
2020,DKI Jakarta,JAKARTA TIMUR,DUREN SAWIT,MALAKA JAYA,Laki-Laki,5924
2020,DKI Jakarta,JAKARTA TIMUR,DUREN SAWIT,PONDOK KOPI,Laki-Laki,7094
2020,DKI Jakarta,JAKARTA TIMUR,MAKASAR,MAKASAR,Laki-Laki,6843
2020,DKI Jakarta,JAKARTA TIMUR,MAKASAR,PINANG RANTI,Laki-Laki,5581
2020,DKI Jakarta,JAKARTA TIMUR,MAKASAR,KEBON PALA,Laki-Laki,9263
2020,DKI Jakarta,JAKARTA TIMUR,MAKASAR,HALIM PERDANA KUSUMAH,Laki-Laki,5601
2020,DKI Jakarta,JAKARTA TIMUR,MAKASAR,CIPINANG MELAYU,Laki-Laki,8206
2020,DKI Jakarta,JAKARTA TIMUR,CIRACAS,CIRACAS,Laki-Laki,13085
2020,DKI Jakarta,JAKARTA TIMUR,CIRACAS,CIBUBUR,Laki-Laki,13205
2020,DKI Jakarta,JAKARTA TIMUR,CIRACAS,KELAPA DUA WETAN,Laki-Laki,9384
2020,DKI Jakarta,JAKARTA TIMUR,CIRACAS,SUSUKAN,Laki-Laki,7860
2020,DKI Jakarta,JAKARTA TIMUR,CIRACAS,RAMBUTAN,Laki-Laki,7674
2020,DKI Jakarta,JAKARTA TIMUR,CIPAYUNG,CIPAYUNG,Laki-Laki,5165
2020,DKI Jakarta,JAKARTA TIMUR,CIPAYUNG,CILANGKAP,Laki-Laki,5788
2020,DKI Jakarta,JAKARTA TIMUR,CIPAYUNG,PONDOK RANGGON,Laki-Laki,5344
2020,DKI Jakarta,JAKARTA TIMUR,CIPAYUNG,MUNJUL,Laki-Laki,4841
2020,DKI Jakarta,JAKARTA TIMUR,CIPAYUNG,SETU,Laki-Laki,4333
2020,DKI Jakarta,JAKARTA TIMUR,CIPAYUNG,BAMBU APUS,Laki-Laki,5294
2020,DKI Jakarta,JAKARTA TIMUR,CIPAYUNG,LUBANG BUAYA,Laki-Laki,12934
2020,DKI Jakarta,JAKARTA TIMUR,CIPAYUNG,CEGER,Laki-Laki,3931
2020,DKI Jakarta,KAB.ADM.KEP.SERIBU,KEP. SERIBU UTR,P. PANGGANG,Perempuan,1175
2020,DKI Jakarta,KAB.ADM.KEP.SERIBU,KEP. SERIBU UTR,P. KELAPA,Perempuan,1237
2020,DKI Jakarta,KAB.ADM.KEP.SERIBU,KEP. SERIBU UTR,P. HARAPAN,Perempuan,438
2020,DKI Jakarta,KAB.ADM.KEP.SERIBU,KEP. SERIBU SLT,P. UNTUNG JAWA,Perempuan,416
2020,DKI Jakarta,KAB.ADM.KEP.SERIBU,KEP. SERIBU SLT,P. TIDUNG,Perempuan,1053
2020,DKI Jakarta,KAB.ADM.KEP.SERIBU,KEP. SERIBU SLT,P. PARI,Perempuan,660
2020,DKI Jakarta,JAKARTA PUSAT,GAMBIR,GAMBIR,Perempuan,342
2020,DKI Jakarta,JAKARTA PUSAT,GAMBIR,CIDENG,Perempuan,2376
2020,DKI Jakarta,JAKARTA PUSAT,GAMBIR,PETOJO UTARA,Perempuan,2874
2020,DKI Jakarta,JAKARTA PUSAT,GAMBIR,PETOJO SELATAN,Perempuan,2417
2020,DKI Jakarta,JAKARTA PUSAT,GAMBIR,KEBON KELAPA,Perempuan,1590
2020,DKI Jakarta,JAKARTA PUSAT,GAMBIR,DURI PULO,Perempuan,3577
2020,DKI Jakarta,JAKARTA PUSAT,SAWAH BESAR,PASAR BARU,Perempuan,1737
2020,DKI Jakarta,JAKARTA PUSAT,SAWAH BESAR,KARANG ANYAR,Perempuan,4462
2020,DKI Jakarta,JAKARTA PUSAT,SAWAH BESAR,KARTINI,Perempuan,3682
2020,DKI Jakarta,JAKARTA PUSAT,SAWAH BESAR,GUNUNG SAHARI UTARA,Perempuan,2437
2020,DKI Jakarta,JAKARTA PUSAT,SAWAH BESAR,MANGGA DUA SELATAN,Perempuan,4832
2020,DKI Jakarta,JAKARTA PUSAT,KEMAYORAN,KEMAYORAN,Perempuan,3720
2020,DKI Jakarta,JAKARTA PUSAT,KEMAYORAN,KEBON KOSONG,Perempuan,5725
2020,DKI Jakarta,JAKARTA PUSAT,KEMAYORAN,HARAPAN MULIA,Perempuan,4342
2020,DKI Jakarta,JAKARTA PUSAT,KEMAYORAN,SERDANG,Perempuan,5573
2020,DKI Jakarta,JAKARTA PUSAT,KEMAYORAN,GUNUNG SAHARI SELATAN,Perempuan,3264
2020,DKI Jakarta,JAKARTA PUSAT,KEMAYORAN,CEMPAKA BARU,Perempuan,6122
2020,DKI Jakarta,JAKARTA PUSAT,KEMAYORAN,SUMUR BATU,Perempuan,4140
2020,DKI Jakarta,JAKARTA PUSAT,KEMAYORAN,UTAN PANJANG,Perempuan,5804
2020,DKI Jakarta,JAKARTA PUSAT,SENEN,SENEN,Perempuan,1181
2020,DKI Jakarta,JAKARTA PUSAT,SENEN,KENARI,Perempuan,1470
2020,DKI Jakarta,JAKARTA PUSAT,SENEN,PASEBAN,Perempuan,4127
2020,DKI Jakarta,JAKARTA PUSAT,SENEN,KRAMAT,Perempuan,5182
2020,DKI Jakarta,JAKARTA PUSAT,SENEN,KWITANG,Perempuan,2761
2020,DKI Jakarta,JAKARTA PUSAT,SENEN,BUNGUR,Perempuan,3100
2020,DKI Jakarta,JAKARTA PUSAT,CEMPAKA PUTIH,CEMPAKA PUTIH TIMUR,Perempuan,3860
2020,DKI Jakarta,JAKARTA PUSAT,CEMPAKA PUTIH,CEMPAKA PUTIH BARAT,Perempuan,6321
2020,DKI Jakarta,JAKARTA PUSAT,CEMPAKA PUTIH,RAWASARI,Perempuan,3657
2020,DKI Jakarta,JAKARTA PUSAT,MENTENG,MENTENG,Perempuan,4350
2020,DKI Jakarta,JAKARTA PUSAT,MENTENG,PEGANGSAAN,Perempuan,3998
2020,DKI Jakarta,JAKARTA PUSAT,MENTENG,CIKINI,Perempuan,1337
2020,DKI Jakarta,JAKARTA PUSAT,MENTENG,GONDANGDIA,Perempuan,528
2020,DKI Jakarta,JAKARTA PUSAT,MENTENG,KEBON SIRIH,Perempuan,2055
2020,DKI Jakarta,JAKARTA PUSAT,TANAH ABANG,GELORA,Perempuan,526
2020,DKI Jakarta,JAKARTA PUSAT,TANAH ABANG,BENDUNGAN HILIR,Perempuan,3556
2020,DKI Jakarta,JAKARTA PUSAT,TANAH ABANG,KARET TENGSIN,Perempuan,3646
2020,DKI Jakarta,JAKARTA PUSAT,TANAH ABANG,PETAMBURAN,Perempuan,6459
2020,DKI Jakarta,JAKARTA PUSAT,TANAH ABANG,KEBON MELATI,Perempuan,6315
2020,DKI Jakarta,JAKARTA PUSAT,TANAH ABANG,KEBON KACANG,Perempuan,3654
2020,DKI Jakarta,JAKARTA PUSAT,TANAH ABANG,KAMPUNG BALI,Perempuan,2119
2020,DKI Jakarta,JAKARTA PUSAT,JOHAR BARU,JOHAR BARU,Perempuan,6654
2020,DKI Jakarta,JAKARTA PUSAT,JOHAR BARU,KAMPUNG RAWA,Perempuan,4165
2020,DKI Jakarta,JAKARTA PUSAT,JOHAR BARU,GALUR,Perempuan,3378
2020,DKI Jakarta,JAKARTA PUSAT,JOHAR BARU,TANAH TINGGI,Perempuan,7082
2020,DKI Jakarta,JAKARTA UTARA,PENJARINGAN,PENJARINGAN,Perempuan,17434
2020,DKI Jakarta,JAKARTA UTARA,PENJARINGAN,KAMAL MUARA,Perempuan,2517
2020,DKI Jakarta,JAKARTA UTARA,PENJARINGAN,KAPUK MUARA,Perempuan,6492
2020,DKI Jakarta,JAKARTA UTARA,PENJARINGAN,PEJAGALAN,Perempuan,12327
2020,DKI Jakarta,JAKARTA UTARA,PENJARINGAN,PLUIT,Perempuan,7152
2020,DKI Jakarta,JAKARTA UTARA,TANJUNG PRIOK,TANJUNG PRIOK,Perempuan,6751
2020,DKI Jakarta,JAKARTA UTARA,TANJUNG PRIOK,SUNTER JAYA,Perempuan,11554
2020,DKI Jakarta,JAKARTA UTARA,TANJUNG PRIOK,PAPANGGO,Perempuan,7890
2020,DKI Jakarta,JAKARTA UTARA,TANJUNG PRIOK,SUNGAI BAMBU,Perempuan,5694
2020,DKI Jakarta,JAKARTA UTARA,TANJUNG PRIOK,KEBON BAWANG,Perempuan,9736
2020,DKI Jakarta,JAKARTA UTARA,TANJUNG PRIOK,SUNTER AGUNG,Perempuan,12194
2020,DKI Jakarta,JAKARTA UTARA,TANJUNG PRIOK,WARAKAS,Perempuan,8908
2020,DKI Jakarta,JAKARTA UTARA,KOJA,KOJA,Perempuan,5421
2020,DKI Jakarta,JAKARTA UTARA,KOJA,TUGU UTARA,Perempuan,14088
2020,DKI Jakarta,JAKARTA UTARA,KOJA,LAGOA,Perempuan,12148
2020,DKI Jakarta,JAKARTA UTARA,KOJA,RAWA BADAK UTARA,Perempuan,7022
2020,DKI Jakarta,JAKARTA UTARA,KOJA,TUGU SELATAN,Perempuan,8231
2020,DKI Jakarta,JAKARTA UTARA,KOJA,RAWA BADAK SELATAN,Perempuan,8911
2020,DKI Jakarta,JAKARTA UTARA,CILINCING,CILINCING,Perempuan,9244
2020,DKI Jakarta,JAKARTA UTARA,CILINCING,SUKAPURA,Perempuan,11149
2020,DKI Jakarta,JAKARTA UTARA,CILINCING,MARUNDA,Perempuan,6596
2020,DKI Jakarta,JAKARTA UTARA,CILINCING,KALI BARU,Perempuan,14936
2020,DKI Jakarta,JAKARTA UTARA,CILINCING,SEMPER TIMUR,Perempuan,7371
2020,DKI Jakarta,JAKARTA UTARA,CILINCING,ROROTAN,Perempuan,9234
2020,DKI Jakarta,JAKARTA UTARA,CILINCING,SEMPER BARAT,Perempuan,13794
2020,DKI Jakarta,JAKARTA UTARA,PADEMANGAN,PADEMANGAN TIMUR,Perempuan,6216
2020,DKI Jakarta,JAKARTA UTARA,PADEMANGAN,PADEMANGAN BARAT,Perempuan,13897
2020,DKI Jakarta,JAKARTA UTARA,PADEMANGAN,ANCOL,Perempuan,4487
2020,DKI Jakarta,JAKARTA UTARA,KELAPA GADING,KELAPA GADING TIMUR,Perempuan,4719
2020,DKI Jakarta,JAKARTA UTARA,KELAPA GADING,PEGANGSAAN DUA,Perempuan,7873
2020,DKI Jakarta,JAKARTA UTARA,KELAPA GADING,KELAPA GADING BARAT,Perempuan,5666
2020,DKI Jakarta,JAKARTA BARAT,CENGKARENG,CENGKARENG BARAT,Perempuan,12224
2020,DKI Jakarta,JAKARTA BARAT,CENGKARENG,DURI KOSAMBI,Perempuan,15365
2020,DKI Jakarta,JAKARTA BARAT,CENGKARENG,RAWA BUAYA,Perempuan,12213
2020,DKI Jakarta,JAKARTA BARAT,CENGKARENG,KEDAUNG KALI ANGKE,Perempuan,6270
2020,DKI Jakarta,JAKARTA BARAT,CENGKARENG,KAPUK,Perempuan,27325
2020,DKI Jakarta,JAKARTA BARAT,CENGKARENG,CENGKARENG TIMUR,Perempuan,15757
2020,DKI Jakarta,JAKARTA BARAT,GROGOL PETAMBURAN,GROGOL,Perempuan,2664
2020,DKI Jakarta,JAKARTA BARAT,GROGOL PETAMBURAN,TANJUNG DUREN UTARA,Perempuan,2599
2020,DKI Jakarta,JAKARTA BARAT,GROGOL PETAMBURAN,TOMANG,Perempuan,4754
2020,DKI Jakarta,JAKARTA BARAT,GROGOL PETAMBURAN,JELAMBAR,Perempuan,4760
2020,DKI Jakarta,JAKARTA BARAT,GROGOL PETAMBURAN,TANJUNG DUREN SELATAN,Perempuan,3942
2020,DKI Jakarta,JAKARTA BARAT,GROGOL PETAMBURAN,JELAMBAR BARU,Perempuan,6321
2020,DKI Jakarta,JAKARTA BARAT,GROGOL PETAMBURAN,WIJAYA KUSUMA,Perempuan,6822
2020,DKI Jakarta,JAKARTA BARAT,TAMAN SARI,TAMAN SARI,Perempuan,2140
2020,DKI Jakarta,JAKARTA BARAT,TAMAN SARI,KRUKUT,Perempuan,3314
2020,DKI Jakarta,JAKARTA BARAT,TAMAN SARI,MAPHAR,Perempuan,2489
2020,DKI Jakarta,JAKARTA BARAT,TAMAN SARI,TANGKI,Perempuan,2012
2020,DKI Jakarta,JAKARTA BARAT,TAMAN SARI,MANGGA BESAR,Perempuan,1070
2020,DKI Jakarta,JAKARTA BARAT,TAMAN SARI,KEAGUNGAN,Perempuan,3009
2020,DKI Jakarta,JAKARTA BARAT,TAMAN SARI,GLODOK,Perempuan,933
2020,DKI Jakarta,JAKARTA BARAT,TAMAN SARI,PINANGSIA,Perempuan,1709
2020,DKI Jakarta,JAKARTA BARAT,TAMBORA,TAMBORA,Perempuan,1778
2020,DKI Jakarta,JAKARTA BARAT,TAMBORA,KALI ANYAR,Perempuan,4532
2020,DKI Jakarta,JAKARTA BARAT,TAMBORA,DURI UTARA,Perempuan,3412
2020,DKI Jakarta,JAKARTA BARAT,TAMBORA,TANAH SEREAL,Perempuan,4366
2020,DKI Jakarta,JAKARTA BARAT,TAMBORA,KERENDANG,Perempuan,3726
2020,DKI Jakarta,JAKARTA BARAT,TAMBORA,JEMBATAN BESI,Perempuan,5526
2020,DKI Jakarta,JAKARTA BARAT,TAMBORA,ANGKE,Perempuan,5098
2020,DKI Jakarta,JAKARTA BARAT,TAMBORA,JEMBATAN LIMA,Perempuan,3634
2020,DKI Jakarta,JAKARTA BARAT,TAMBORA,PEKOJAN,Perempuan,3671
2020,DKI Jakarta,JAKARTA BARAT,TAMBORA,ROA MALAKA,Perempuan,407
2020,DKI Jakarta,JAKARTA BARAT,TAMBORA,DURI SELATAN,Perempuan,2371
2020,DKI Jakarta,JAKARTA BARAT,KEBON JERUK,KEBON JERUK,Perempuan,10088
2020,DKI Jakarta,JAKARTA BARAT,KEBON JERUK,SUKABUMI UTARA,Perempuan,7457
2020,DKI Jakarta,JAKARTA BARAT,KEBON JERUK,SUKABUMI SELATAN,Perempuan,7398
2020,DKI Jakarta,JAKARTA BARAT,KEBON JERUK,KELAPA DUA,Perempuan,4338
2020,DKI Jakarta,JAKARTA BARAT,KEBON JERUK,DURI KEPA,Perempuan,10214
2020,DKI Jakarta,JAKARTA BARAT,KEBON JERUK,KEDOYA UTARA,Perempuan,7906
2020,DKI Jakarta,JAKARTA BARAT,KEBON JERUK,KEDOYA SELATAN,Perempuan,5776
2020,DKI Jakarta,JAKARTA BARAT,KALI DERES,KALIDERES,Perempuan,13492
2020,DKI Jakarta,JAKARTA BARAT,KALI DERES,SEMANAN,Perempuan,14422
2020,DKI Jakarta,JAKARTA BARAT,KALI DERES,TEGAL ALUR,Perempuan,16905
2020,DKI Jakarta,JAKARTA BARAT,KALI DERES,KAMAL,Perempuan,11256
2020,DKI Jakarta,JAKARTA BARAT,KALI DERES,PEGADUNGAN,Perempuan,14256
2020,DKI Jakarta,JAKARTA BARAT,PALMERAH,PALMERAH,Perempuan,11423
2020,DKI Jakarta,JAKARTA BARAT,PALMERAH,SLIPI,Perempuan,2866
2020,DKI Jakarta,JAKARTA BARAT,PALMERAH,KOTA BAMBU UTARA,Perempuan,4909
2020,DKI Jakarta,JAKARTA BARAT,PALMERAH,JATI PULO,Perempuan,5353
2020,DKI Jakarta,JAKARTA BARAT,PALMERAH,KEMANGGISAN,Perempuan,5461
2020,DKI Jakarta,JAKARTA BARAT,PALMERAH,KOTA BAMBU SELATAN,Perempuan,4091
2020,DKI Jakarta,JAKARTA BARAT,KEMBANGAN,KEMBANGAN UTARA,Perempuan,10447
2020,DKI Jakarta,JAKARTA BARAT,KEMBANGAN,MERUYA UTARA,Perempuan,7712
2020,DKI Jakarta,JAKARTA BARAT,KEMBANGAN,MERUYA SELATAN,Perempuan,6179
2020,DKI Jakarta,JAKARTA BARAT,KEMBANGAN,SRENGSENG,Perempuan,8745
2020,DKI Jakarta,JAKARTA BARAT,KEMBANGAN,JOGLO,Perempuan,7823
2020,DKI Jakarta,JAKARTA BARAT,KEMBANGAN,KEMBANGAN SELATAN,Perempuan,4617
2020,DKI Jakarta,JAKARTA SELATAN,TEBET,TEBET TIMUR,Perempuan,2823
2020,DKI Jakarta,JAKARTA SELATAN,TEBET,TEBET BARAT,Perempuan,3370
2020,DKI Jakarta,JAKARTA SELATAN,TEBET,MENTENG DALAM,Perempuan,6499
2020,DKI Jakarta,JAKARTA SELATAN,TEBET,KEBON BARU,Perempuan,6433
2020,DKI Jakarta,JAKARTA SELATAN,TEBET,BUKIT DURI,Perempuan,5934
2020,DKI Jakarta,JAKARTA SELATAN,TEBET,MANGGARAI SELATAN,Perempuan,4060
2020,DKI Jakarta,JAKARTA SELATAN,TEBET,MANGGARAI,Perempuan,5235
2020,DKI Jakarta,JAKARTA SELATAN,SETIA BUDI,SETIA BUDI,Perempuan,445
2020,DKI Jakarta,JAKARTA SELATAN,SETIA BUDI,KARET SEMANGGI,Perempuan,394
2020,DKI Jakarta,JAKARTA SELATAN,SETIA BUDI,KARET KUNINGAN,Perempuan,2724
2020,DKI Jakarta,JAKARTA SELATAN,SETIA BUDI,KARET,Perempuan,1511
2020,DKI Jakarta,JAKARTA SELATAN,SETIA BUDI,MENTENG ATAS,Perempuan,4836
2020,DKI Jakarta,JAKARTA SELATAN,SETIA BUDI,PASAR MANGGIS,Perempuan,4818
2020,DKI Jakarta,JAKARTA SELATAN,SETIA BUDI,GUNTUR,Perempuan,550
2020,DKI Jakarta,JAKARTA SELATAN,SETIA BUDI,KUNINGAN TIMUR,Perempuan,966
2020,DKI Jakarta,JAKARTA SELATAN,MAMPANG PRAPATAN,MAMPANG PRAPATAN,Perempuan,3451
2020,DKI Jakarta,JAKARTA SELATAN,MAMPANG PRAPATAN,BANGKA,Perempuan,3693
2020,DKI Jakarta,JAKARTA SELATAN,MAMPANG PRAPATAN,PELA MAMPANG,Perempuan,7444
2020,DKI Jakarta,JAKARTA SELATAN,MAMPANG PRAPATAN,TEGAL PARANG,Perempuan,6131
2020,DKI Jakarta,JAKARTA SELATAN,MAMPANG PRAPATAN,KUNINGAN BARAT,Perempuan,2280
2020,DKI Jakarta,JAKARTA SELATAN,PASAR MINGGU,PASAR MINGGU,Perempuan,4232
2020,DKI Jakarta,JAKARTA SELATAN,PASAR MINGGU,JATI PADANG,Perempuan,6815
2020,DKI Jakarta,JAKARTA SELATAN,PASAR MINGGU,CILANDAK TIMUR,Perempuan,4673
2020,DKI Jakarta,JAKARTA SELATAN,PASAR MINGGU,RAGUNAN,Perempuan,6941
2020,DKI Jakarta,JAKARTA SELATAN,PASAR MINGGU,PEJATEN TIMUR,Perempuan,10975
2020,DKI Jakarta,JAKARTA SELATAN,PASAR MINGGU,PEJATEN BARAT,Perempuan,6619
2020,DKI Jakarta,JAKARTA SELATAN,PASAR MINGGU,KEBAGUSAN,Perempuan,8690
2020,DKI Jakarta,JAKARTA SELATAN,KEBAYORAN LAMA,KEBAYORAN LAMA UTARA,Perempuan,7829
2020,DKI Jakarta,JAKARTA SELATAN,KEBAYORAN LAMA,PONDOK PINANG,Perempuan,9885
2020,DKI Jakarta,JAKARTA SELATAN,KEBAYORAN LAMA,CIPULIR,Perempuan,7433
2020,DKI Jakarta,JAKARTA SELATAN,KEBAYORAN LAMA,GROGOL UTARA,Perempuan,7575
2020,DKI Jakarta,JAKARTA SELATAN,KEBAYORAN LAMA,GROGOL SELATAN,Perempuan,7816
2020,DKI Jakarta,JAKARTA SELATAN,KEBAYORAN LAMA,KEBAYORAN LAMA SELATAN,Perempuan,7134
2020,DKI Jakarta,JAKARTA SELATAN,CILANDAK,CILANDAK BARAT,Perempuan,8675
2020,DKI Jakarta,JAKARTA SELATAN,CILANDAK,LEBAK BULUS,Perempuan,6438
2020,DKI Jakarta,JAKARTA SELATAN,CILANDAK,PONDOK LABU,Perempuan,8479
2020,DKI Jakarta,JAKARTA SELATAN,CILANDAK,GANDARIA SELATAN,Perempuan,3835
2020,DKI Jakarta,JAKARTA SELATAN,CILANDAK,CIPETE SELATAN,Perempuan,4637
2020,DKI Jakarta,JAKARTA SELATAN,KEBAYORAN BARU,MELAWAI,Perempuan,348
2020,DKI Jakarta,JAKARTA SELATAN,KEBAYORAN BARU,GUNUNG,Perempuan,1440
2020,DKI Jakarta,JAKARTA SELATAN,KEBAYORAN BARU,KRAMAT PELA,Perempuan,2348
2020,DKI Jakarta,JAKARTA SELATAN,KEBAYORAN BARU,SELONG,Perempuan,367
2020,DKI Jakarta,JAKARTA SELATAN,KEBAYORAN BARU,RAWA BARAT,Perempuan,786
2020,DKI Jakarta,JAKARTA SELATAN,KEBAYORAN BARU,SENAYAN,Perempuan,468
2020,DKI Jakarta,JAKARTA SELATAN,KEBAYORAN BARU,PULO,Perempuan,834
2020,DKI Jakarta,JAKARTA SELATAN,KEBAYORAN BARU,PETOGOGAN,Perempuan,1954
2020,DKI Jakarta,JAKARTA SELATAN,KEBAYORAN BARU,GANDARIA UTARA,Perempuan,6762
2020,DKI Jakarta,JAKARTA SELATAN,KEBAYORAN BARU,CIPETE UTARA,Perempuan,6193
2020,DKI Jakarta,JAKARTA SELATAN,PANCORAN,PANCORAN,Perempuan,3698
2020,DKI Jakarta,JAKARTA SELATAN,PANCORAN,KALIBATA,Perempuan,7949
2020,DKI Jakarta,JAKARTA SELATAN,PANCORAN,RAWA JATI,Perempuan,3631
2020,DKI Jakarta,JAKARTA SELATAN,PANCORAN,DUREN TIGA,Perempuan,4850
2020,DKI Jakarta,JAKARTA SELATAN,PANCORAN,PENGADEGAN,Perempuan,3766
2020,DKI Jakarta,JAKARTA SELATAN,PANCORAN,CIKOKO,Perempuan,1848
2020,DKI Jakarta,JAKARTA SELATAN,JAGAKARSA,JAGAKARSA,Perempuan,11756
2020,DKI Jakarta,JAKARTA SELATAN,JAGAKARSA,SRENGSENG SAWAH,Perempuan,10869
2020,DKI Jakarta,JAKARTA SELATAN,JAGAKARSA,CIGANJUR,Perempuan,7489
2020,DKI Jakarta,JAKARTA SELATAN,JAGAKARSA,LENTENG AGUNG,Perempuan,10282
2020,DKI Jakarta,JAKARTA SELATAN,JAGAKARSA,TANJUNG BARAT,Perempuan,7596
2020,DKI Jakarta,JAKARTA SELATAN,JAGAKARSA,CIPEDAK,Perempuan,7626
2020,DKI Jakarta,JAKARTA SELATAN,PESANGGRAHAN,PESANGGRAHAN,Perempuan,5237
2020,DKI Jakarta,JAKARTA SELATAN,PESANGGRAHAN,BINTARO,Perempuan,9675
2020,DKI Jakarta,JAKARTA SELATAN,PESANGGRAHAN,PETUKANGAN UTARA,Perempuan,10378
2020,DKI Jakarta,JAKARTA SELATAN,PESANGGRAHAN,PETUKANGAN SELATAN,Perempuan,7044
2020,DKI Jakarta,JAKARTA SELATAN,PESANGGRAHAN,ULUJAMI,Perempuan,8003
2020,DKI Jakarta,JAKARTA TIMUR,MATRAMAN,PISANGAN BARU,Perempuan,5609
2020,DKI Jakarta,JAKARTA TIMUR,MATRAMAN,UTAN KAYU UTARA,Perempuan,4948
2020,DKI Jakarta,JAKARTA TIMUR,MATRAMAN,KAYU MANIS,Perempuan,4525
2020,DKI Jakarta,JAKARTA TIMUR,MATRAMAN,PAL MERIAM,Perempuan,3340
2020,DKI Jakarta,JAKARTA TIMUR,MATRAMAN,KEBON MANGGIS,Perempuan,2545
2020,DKI Jakarta,JAKARTA TIMUR,MATRAMAN,UTAN KAYU SELATAN,Perempuan,5778
2020,DKI Jakarta,JAKARTA TIMUR,PULO GADUNG,PULO GADUNG,Perempuan,6114
2020,DKI Jakarta,JAKARTA TIMUR,PULO GADUNG,PISANGAN TIMUR,Perempuan,7280
2020,DKI Jakarta,JAKARTA TIMUR,PULO GADUNG,CIPINANG,Perempuan,6825
2020,DKI Jakarta,JAKARTA TIMUR,PULO GADUNG,JATINEGARA KAUM,Perempuan,4607
2020,DKI Jakarta,JAKARTA TIMUR,PULO GADUNG,RAWAMANGUN,Perempuan,6533
2020,DKI Jakarta,JAKARTA TIMUR,PULO GADUNG,KAYU PUTIH,Perempuan,6768
2020,DKI Jakarta,JAKARTA TIMUR,PULO GADUNG,JATI,Perempuan,5397
2020,DKI Jakarta,JAKARTA TIMUR,JATINEGARA,KAMPUNG MELAYU,Perempuan,5028
2020,DKI Jakarta,JAKARTA TIMUR,JATINEGARA,BIDARA CINA,Perempuan,6246
2020,DKI Jakarta,JAKARTA TIMUR,JATINEGARA,BALI MESTER,Perempuan,1454
2020,DKI Jakarta,JAKARTA TIMUR,JATINEGARA,RAWA BUNGA,Perempuan,3906
2020,DKI Jakarta,JAKARTA TIMUR,JATINEGARA,CIPINANG CEMPEDAK,Perempuan,5247
2020,DKI Jakarta,JAKARTA TIMUR,JATINEGARA,CIPINANG MUARA,Perempuan,10080
2020,DKI Jakarta,JAKARTA TIMUR,JATINEGARA,CIPINANG BESAR SELATAN,Perempuan,6739
2020,DKI Jakarta,JAKARTA TIMUR,JATINEGARA,CIPINANG BESAR UTARA,Perempuan,9079
2020,DKI Jakarta,JAKARTA TIMUR,KRAMAT JATI,KRAMAT JATI,Perempuan,6161
2020,DKI Jakarta,JAKARTA TIMUR,KRAMAT JATI,KAMPUNG TENGAH,Perempuan,8802
2020,DKI Jakarta,JAKARTA TIMUR,KRAMAT JATI,DUKUH,Perempuan,4818
2020,DKI Jakarta,JAKARTA TIMUR,KRAMAT JATI,BATU AMPAR,Perempuan,9362
2020,DKI Jakarta,JAKARTA TIMUR,KRAMAT JATI,BALE KAMBANG,Perempuan,5733
2020,DKI Jakarta,JAKARTA TIMUR,KRAMAT JATI,CILILITAN,Perempuan,7251
2020,DKI Jakarta,JAKARTA TIMUR,KRAMAT JATI,CAWANG,Perempuan,5784
2020,DKI Jakarta,JAKARTA TIMUR,PASAR REBO,GEDONG,Perempuan,6719
2020,DKI Jakarta,JAKARTA TIMUR,PASAR REBO,BARU,Perempuan,4735
2020,DKI Jakarta,JAKARTA TIMUR,PASAR REBO,CIJANTUNG,Perempuan,7846
2020,DKI Jakarta,JAKARTA TIMUR,PASAR REBO,KALISARI,Perempuan,8128
2020,DKI Jakarta,JAKARTA TIMUR,PASAR REBO,PEKAYON,Perempuan,8523
2020,DKI Jakarta,JAKARTA TIMUR,CAKUNG,JATINEGARA,Perempuan,16682
2020,DKI Jakarta,JAKARTA TIMUR,CAKUNG,RAWA TERATE,Perempuan,4852
2020,DKI Jakarta,JAKARTA TIMUR,CAKUNG,PENGGILINGAN,Perempuan,19600
2020,DKI Jakarta,JAKARTA TIMUR,CAKUNG,CAKUNG TIMUR,Perempuan,11887
2020,DKI Jakarta,JAKARTA TIMUR,CAKUNG,PULO GEBANG,Perempuan,19012
2020,DKI Jakarta,JAKARTA TIMUR,CAKUNG,UJUNG MENTENG,Perempuan,5867
2020,DKI Jakarta,JAKARTA TIMUR,CAKUNG,CAKUNG BARAT,Perempuan,12220
2020,DKI Jakarta,JAKARTA TIMUR,DUREN SAWIT,DUREN SAWIT,Perempuan,11189
2020,DKI Jakarta,JAKARTA TIMUR,DUREN SAWIT,PONDOK BAMBU,Perempuan,11231
2020,DKI Jakarta,JAKARTA TIMUR,DUREN SAWIT,KLENDER,Perempuan,13558
2020,DKI Jakarta,JAKARTA TIMUR,DUREN SAWIT,PONDOK KELAPA,Perempuan,13246
2020,DKI Jakarta,JAKARTA TIMUR,DUREN SAWIT,MALAKA SARI,Perempuan,4683
2020,DKI Jakarta,JAKARTA TIMUR,DUREN SAWIT,MALAKA JAYA,Perempuan,5529
2020,DKI Jakarta,JAKARTA TIMUR,DUREN SAWIT,PONDOK KOPI,Perempuan,6663
2020,DKI Jakarta,JAKARTA TIMUR,MAKASAR,MAKASAR,Perempuan,6464
2020,DKI Jakarta,JAKARTA TIMUR,MAKASAR,PINANG RANTI,Perempuan,5460
2020,DKI Jakarta,JAKARTA TIMUR,MAKASAR,KEBON PALA,Perempuan,8574
2020,DKI Jakarta,JAKARTA TIMUR,MAKASAR,HALIM PERDANA KUSUMAH,Perempuan,5521
2020,DKI Jakarta,JAKARTA TIMUR,MAKASAR,CIPINANG MELAYU,Perempuan,7661
2020,DKI Jakarta,JAKARTA TIMUR,CIRACAS,CIRACAS,Perempuan,12331
2020,DKI Jakarta,JAKARTA TIMUR,CIRACAS,CIBUBUR,Perempuan,12445
2020,DKI Jakarta,JAKARTA TIMUR,CIRACAS,KELAPA DUA WETAN,Perempuan,8767
2020,DKI Jakarta,JAKARTA TIMUR,CIRACAS,SUSUKAN,Perempuan,7238
2020,DKI Jakarta,JAKARTA TIMUR,CIRACAS,RAMBUTAN,Perempuan,7173
2020,DKI Jakarta,JAKARTA TIMUR,CIPAYUNG,CIPAYUNG,Perempuan,4711
2020,DKI Jakarta,JAKARTA TIMUR,CIPAYUNG,CILANGKAP,Perempuan,5454
2020,DKI Jakarta,JAKARTA TIMUR,CIPAYUNG,PONDOK RANGGON,Perempuan,5057
2020,DKI Jakarta,JAKARTA TIMUR,CIPAYUNG,MUNJUL,Perempuan,4660
2020,DKI Jakarta,JAKARTA TIMUR,CIPAYUNG,SETU,Perempuan,4130
2020,DKI Jakarta,JAKARTA TIMUR,CIPAYUNG,BAMBU APUS,Perempuan,5016
2020,DKI Jakarta,JAKARTA TIMUR,CIPAYUNG,LUBANG BUAYA,Perempuan,12421
2020,DKI Jakarta,JAKARTA TIMUR,CIPAYUNG,CEGER,Perempuan,3551
